"Município";"2001";"2002";"2003";"2004";"2005";"2006";"2007";"2008";"2009";"2010";"2011";"2012";"2013";"2014";"2015";"2016";"2017";"2018";"2019";"2020";" Total"
"410010 ABATIA";"100,82";"93,86";"126,60";"82,24";"93,65";"149,38";"89,90";"112,22";"115,66";"93,98";"130,12";"122,89";"104,90";"101,04";"113,27";"98,94";"109,57";"97,06";"78,45";"92,24";"103,78"
"410020 ADRIANOPOLIS";"176,00";"150,00";"117,53";"125,84";"82,22";"142,17";"107,61";"116,67";"113,83";"127,66";"146,81";"60,64";"104,23";"106,76";"120,55";"40,58";"131,88";"124,29";"60,20";"81,63";"110,55"
"410030 AGUDOS DO SUL";"151,49";"123,85";"174,07";"153,15";"117,12";"130,95";"129,59";"101,94";"114,15";"152,83";"133,96";"136,79";"116,50";"108,18";"148,25";"73,68";"102,63";"104,42";"100,00";"115,04";"124,16"
"410040 ALMIRANTE TAMANDARE";"95,40";"146,51";"102,58";"105,48";"106,76";"98,36";"107,57";"83,91";"95,78";"96,51";"98,37";"95,61";"94,01";"94,91";"78,89";"82,13";"79,36";"82,16";"76,32";"74,08";"94,54"
"410045 ALTAMIRA DO PARANA";"132,38";"142,86";"106,32";"135,71";"125,29";"132,84";"94,20";"136,36";"105,77";"96,15";"109,62";"94,23";"110,17";"127,45";"81,48";"109,09";"121,82";"103,70";"66,20";"40,85";"110,31"
"410050 ALTONIA";"131,17";"86,67";"100,00";"100,69";"111,65";"97,72";"100,43";"98,29";"107,32";"95,53";"87,40";"93,90";"95,04";"99,58";"70,51";"97,27";"102,73";"93,23";"97,55";"102,04";"98,13"
"410060 ALTO PARANA";"115,70";"115,57";"120,39";"99,44";"119,76";"124,86";"121,37";"94,84";"98,77";"106,79";"123,46";"102,47";"87,77";"95,00";"91,16";"111,35";"96,22";"117,82";"107,87";"91,57";"106,73"
"410070 ALTO PIQUIRI";"196,97";"112,14";"156,07";"111,04";"125,00";"125,66";"133,08";"96,21";"95,20";"108,80";"113,60";"76,80";"87,22";"80,47";"93,28";"75,17";"84,56";"86,62";"100,00";"102,26";"107,12"
"410080 ALVORADA DO SUL";"125,78";"88,06";"104,31";"99,12";"100,86";"121,36";"101,01";"91,89";"119,28";"110,84";"114,46";"91,57";"170,65";"113,27";"127,71";"88,24";"86,55";"98,10";"106,31";"71,17";"105,26"
"410090 AMAPORA";"92,31";"114,47";"120,99";"136,71";"80,43";"115,66";"95,40";"76,74";"86,90";"108,33";"92,86";"84,52";"130,59";"72,00";"73,24";"91,76";"114,12";"72,41";"97,56";"93,90";"97,47"
"410100 AMPERE";"130,04";"127,52";"130,51";"92,68";"92,14";"113,84";"115,00";"80,19";"77,02";"96,17";"85,53";"96,60";"150,68";"162,25";"108,00";"110,04";"100,36";"100,78";"98,87";"91,73";"108,27"
"410105 ANAHY";"108,89";"120,00";"104,88";"100,00";"100,00";"100,00";"100,00";"66,67";"117,14";"117,14";"97,14";"82,86";"121,43";"96,43";"124,24";"159,26";"155,56";"64,29";"96,55";"172,41";"107,74"
"410110 ANDIRA";"103,45";"122,74";"95,29";"105,80";"95,89";"116,61";"117,83";"92,74";"105,88";"91,54";"89,71";"85,29";"106,50";"77,39";"73,22";"93,06";"100,93";"91,12";"86,59";"65,85";"96,69"
"410115 ANGULO";"106,06";"102,70";"135,71";"120,69";"77,50";"94,87";"105,26";"88,24";"100,00";"109,09";"103,03";"103,03";"181,08";"117,14";"89,13";"96,00";"98,00";"76,19";"134,15";"124,39";"107,05"
"410120 ANTONINA";"111,47";"108,52";"109,73";"125,97";"89,05";"104,93";"106,71";"84,95";"135,27";"119,09";"114,52";"119,92";"146,22";"123,27";"77,85";"75,91";"64,69";"92,46";"70,61";"55,20";"100,40"
"410130 ANTONIO OLINTO";"149,44";"111,54";"118,75";"143,33";"140,45";"153,25";"117,11";"110,26";"126,58";"106,33";"116,46";"96,20";"174,03";"133,87";"98,68";"154,55";"142,42";"80,22";"97,33";"122,67";"124,02"
"410140 APUCARANA";"103,34";"98,91";"93,75";"98,83";"100,76";"102,27";"101,21";"97,59";"98,38";"94,15";"96,47";"92,18";"102,45";"106,55";"120,32";"76,77";"86,47";"88,92";"75,98";"61,31";"94,60"
"410150 ARAPONGAS";"105,45";"101,61";"102,75";"98,87";"96,52";"92,73";"116,23";"96,77";"103,58";"95,53";"108,53";"97,94";"104,71";"92,95";"103,37";"75,97";"86,90";"91,49";"80,43";"68,34";"95,47"
"410160 ARAPOTI";"92,56";"96,38";"106,26";"108,90";"106,96";"103,53";"100,44";"109,70";"106,44";"88,78";"96,66";"86,87";"96,32";"96,17";"96,21";"107,84";"118,21";"115,60";"112,12";"117,93";"102,87"
"410165 ARAPUA";"168,75";"120,63";"94,59";"140,00";"140,00";"89,09";"101,89";"105,88";"100,00";"123,40";"100,00";"95,74";"51,06";"150,00";"81,40";"129,41";"161,76";"90,32";"68,63";"82,35";"107,59"
"410170 ARARUNA";"125,96";"105,70";"116,84";"105,10";"115,56";"103,61";"91,50";"112,21";"107,59";"94,94";"122,15";"109,49";"143,56";"146,37";"88,00";"82,99";"97,42";"80,10";"94,74";"86,84";"106,03"
"410180 ARAUCARIA";"100,35";"98,82";"107,79";"95,34";"99,95";"96,34";"95,24";"99,37";"94,53";"104,43";"107,21";"113,28";"110,54";"101,93";"91,27";"85,39";"89,33";"92,15";"90,59";"112,04";"99,06"
"410185 ARIRANHA DO IVAI";"124,24";"214,29";"120,51";"215,38";"112,50";"110,71";"89,29";"70,27";"67,65";"111,76";"108,82";"70,59";"154,84";"83,33";"94,44";"118,75";"87,50";"125,81";"84,09";"47,73";"109,06"
"410190 ASSAI";"89,31";"92,54";"102,10";"93,73";"111,35";"110,39";"100,00";"90,65";"92,86";"83,61";"90,34";"94,54";"111,31";"75,77";"95,31";"75,20";"60,80";"73,79";"101,56";"38,02";"89,34"
"410200 ASSIS CHATEAUBRIAND";"91,39";"102,59";"101,87";"97,16";"102,23";"110,86";"89,30";"97,33";"96,22";"99,24";"101,76";"106,55";"92,34";"99,25";"88,95";"95,21";"137,78";"140,22";"132,34";"87,66";"103,70"
"410210 ASTORGA";"90,91";"114,53";"106,23";"92,58";"97,20";"97,02";"101,40";"87,64";"106,35";"97,99";"103,68";"112,37";"106,30";"68,97";"98,28";"82,87";"106,23";"86,28";"107,94";"71,75";"96,41"
"410220 ATALAIA";"124,39";"131,82";"140,00";"108,16";"103,03";"113,33";"112,50";"86,11";"78,95";"118,42";"102,63";"105,26";"65,22";"160,00";"56,25";"145,00";"135,00";"102,33";"88,24";"103,92";"107,29"
"410230 BALSA NOVA";"120,98";"105,81";"109,03";"117,89";"97,26";"113,04";"108,63";"77,22";"125,16";"108,18";"107,55";"120,75";"171,27";"133,33";"135,53";"104,30";"104,30";"108,90";"79,32";"77,64";"110,56"
"410240 BANDEIRANTES";"104,60";"94,81";"102,16";"92,47";"97,18";"88,18";"106,99";"114,32";"118,47";"101,49";"95,33";"84,29";"92,20";"101,50";"100,94";"91,92";"88,60";"87,50";"89,01";"84,75";"96,86"
"410250 BARBOSA FERRAZ";"113,46";"78,89";"120,13";"116,85";"114,73";"87,80";"109,33";"69,89";"126,47";"106,62";"89,71";"90,44";"174,77";"72,00";"114,52";"86,13";"83,94";"84,92";"86,55";"55,46";"98,59"
"410260 BARRACAO";"168,21";"102,08";"128,24";"152,24";"121,64";"102,90";"134,81";"113,45";"121,05";"94,74";"100,75";"96,99";"114,08";"99,23";"99,27";"148,18";"137,27";"93,15";"104,70";"102,01";"116,23"
"410270 BARRA DO JACARE";"91,18";"109,68";"100,00";"104,00";"122,73";"96,67";"134,62";"130,00";"111,11";"155,56";"138,89";"172,22";"92,59";"163,64";"97,22";"66,67";"86,11";"88,00";"168,00";"124,00";"112,79"
"410275 BELA VISTA DA CAROBA";"143,14";"79,71";"115,49";"101,39";"92,21";"98,33";"126,09";"97,87";"161,54";"228,21";"179,49";"166,67";"96,23";"65,31";"175,00";"105,71";"125,71";"176,92";"70,83";"102,08";"118,02"
"410280 BELA VISTA DO PARAISO";"107,04";"97,61";"114,20";"89,86";"103,52";"113,12";"92,08";"100,54";"95,14";"96,22";"115,14";"105,95";"92,11";"74,16";"83,93";"86,70";"91,63";"94,29";"90,32";"77,42";"95,35"
"410290 BITURUNA";"110,29";"85,95";"113,59";"91,59";"89,71";"90,49";"103,47";"95,45";"108,00";"94,55";"82,55";"78,55";"107,69";"101,75";"105,13";"108,61";"111,89";"95,57";"98,89";"93,33";"98,04"
"410300 BOA ESPERANCA";"108,82";"123,88";"100,00";"83,61";"139,58";"103,28";"112,24";"73,91";"82,69";"96,15";"94,23";"69,23";"182,50";"90,00";"72,55";"107,27";"101,82";"123,53";"79,69";"76,56";"100,09"
"410302 BOA ESPERANCA DO IGUACU";"175,68";"93,33";"141,18";"92,00";"161,54";"150,00";"119,35";"116,13";"117,24";"86,21";"148,28";"137,93";"93,02";"2,63";"110,81";"84,62";"76,92";"118,52";"113,33";"90,00";"108,86"
"410304 BOA VENTURA DE SAO ROQUE";"88,20";"122,22";"123,47";"115,09";"89,29";"101,89";"104,00";"106,19";"93,02";"109,30";"98,84";"109,30";"118,48";"101,16";"80,90";"90,36";"101,20";"95,60";"87,80";"126,83";"103,04"
"410305 BOA VISTA DA APARECIDA";"115,79";"97,50";"85,48";"90,98";"93,89";"155,32";"118,26";"99,09";"96,26";"105,61";"116,82";"81,31";"84,54";"99,13";"87,96";"77,60";"95,20";"122,77";"74,80";"110,57";"99,74"
"410310 BOCAIUVA DO SUL";"147,93";"130,73";"140,00";"141,10";"116,39";"106,45";"127,22";"88,96";"109,66";"95,45";"120,45";"123,30";"59,29";"113,41";"93,29";"86,70";"88,30";"92,27";"87,00";"33,00";"104,57"
"410315 BOM JESUS DO SUL";"76,47";"101,39";"157,14";"150,00";"137,78";"95,08";"121,05";"130,61";"123,53";"117,65";"123,53";"47,06";"169,39";"148,48";"134,15";"107,02";"100,00";"92,86";"95,16";"101,61";"114,43"
"410320 BOM SUCESSO";"100,00";"82,14";"113,04";"97,06";"93,88";"119,48";"87,78";"92,13";"108,89";"113,33";"121,11";"105,56";"133,64";"95,15";"128,43";"97,27";"110,91";"101,14";"119,77";"108,14";"106,21"
"410322 BOM SUCESSO DO SUL";"117,65";"71,79";"125,71";"238,46";"133,33";"66,67";"115,38";"113,51";"90,70";"81,40";"97,67";"93,02";"120,93";"77,55";"102,27";"82,05";"79,49";"131,43";"147,22";"91,67";"105,14"
"410330 BORRAZOPOLIS";"108,47";"92,86";"89,52";"93,04";"101,19";"75,00";"193,55";"86,41";"94,62";"100,00";"104,30";"76,34";"123,53";"89,66";"129,85";"97,62";"108,33";"62,14";"74,16";"104,49";"99,17"
"410335 BRAGANEY";"111,65";"97,03";"97,83";"87,00";"104,88";"120,73";"136,07";"83,33";"105,19";"96,10";"101,30";"87,01";"176,36";"100,00";"84,34";"118,75";"103,12";"78,08";"114,06";"100,00";"103,45"
"410337 BRASILANDIA DO SUL";"184,44";"120,41";"132,14";"197,30";"197,14";"130,23";"128,57";"112,50";"124,39";"143,90";"95,12";"100,00";"155,26";"121,05";"84,78";"93,75";"83,33";"125,00";"96,30";"107,41";"124,52"
"410340 CAFEARA";"100,00";"97,44";"111,11";"111,43";"97,37";"121,88";"115,00";"85,71";"103,23";"70,97";"132,26";"93,55";"96,43";"88,00";"214,29";"203,70";"92,59";"140,00";"220,00";"273,33";"119,15"
"410345 CAFELANDIA";"151,14";"122,58";"101,06";"86,36";"84,52";"95,31";"114,95";"96,70";"102,36";"106,60";"127,83";"106,60";"126,82";"58,65";"105,37";"109,67";"88,85";"97,69";"101,33";"111,33";"103,99"
"410347 CAFEZAL DO SUL";"105,56";"109,80";"100,00";"86,15";"132,08";"145,16";"137,21";"63,79";"118,18";"110,91";"74,55";"72,73";"95,45";"61,22";"104,44";"116,22";"121,62";"130,00";"100,00";"135,29";"103,78"
"410350 CALIFORNIA";"119,09";"99,17";"116,39";"100,85";"102,17";"106,48";"93,18";"105,31";"93,75";"110,42";"100,00";"68,75";"189,53";"144,21";"145,16";"97,08";"91,24";"69,85";"97,35";"103,54";"105,88"
"410360 CAMBARA";"102,38";"100,31";"99,18";"97,49";"98,92";"123,37";"107,34";"111,50";"104,46";"94,90";"106,05";"87,26";"119,66";"109,73";"96,86";"79,03";"70,32";"101,39";"93,29";"102,12";"100,14"
"410370 CAMBE";"109,08";"98,15";"100,86";"99,14";"100,37";"104,70";"100,57";"105,00";"102,37";"104,29";"111,04";"102,72";"106,61";"102,41";"94,18";"95,66";"98,40";"98,65";"90,63";"89,52";"100,52"
"410380 CAMBIRA";"102,22";"122,09";"124,29";"75,00";"112,22";"88,12";"137,50";"100,00";"89,16";"100,00";"120,48";"100,00";"149,52";"105,77";"102,25";"126,97";"101,12";"103,30";"105,10";"131,63";"109,77"
"410390 CAMPINA DA LAGOA";"117,49";"115,52";"100,37";"116,94";"108,53";"107,89";"104,98";"109,62";"110,81";"127,57";"125,41";"122,16";"109,22";"88,64";"84,11";"82,17";"96,52";"81,42";"101,81";"84,62";"104,33"
"410395 CAMPINA DO SIMAO";"117,74";"106,93";"91,53";"109,09";"95,45";"90,22";"105,56";"79,55";"139,13";"100,00";"89,13";"126,09";"96,30";"198,33";"100,00";"73,97";"104,11";"95,31";"82,86";"90,00";"103,05"
"410400 CAMPINA GRANDE DO SUL";"114,95";"115,02";"114,11";"144,89";"132,13";"109,85";"97,05";"79,22";"85,24";"79,94";"95,96";"100,14";"82,29";"114,00";"103,55";"55,75";"58,84";"66,16";"52,85";"56,29";"91,08"
"410405 CAMPO BONITO";"106,17";"105,88";"113,75";"133,33";"158,33";"118,92";"156,60";"111,76";"94,03";"80,60";"61,19";"86,57";"108,00";"49,28";"117,24";"71,79";"74,36";"93,10";"74,60";"103,17";"100,44"
"410410 CAMPO DO TENENTE";"134,19";"116,20";"113,39";"138,53";"109,30";"115,93";"104,35";"109,32";"102,44";"104,88";"103,25";"82,93";"105,69";"101,69";"138,33";"23,44";"61,72";"82,91";"94,07";"53,33";"99,07"
"410420 CAMPO LARGO";"106,25";"100,36";"93,32";"111,30";"97,02";"99,80";"100,27";"99,80";"88,58";"91,15";"97,19";"83,26";"118,94";"116,34";"138,16";"50,42";"74,65";"66,16";"40,00";"64,15";"91,44"
"410425 CAMPO MAGRO";"120,64";"141,84";"123,40";"134,02";"92,63";"97,21";"96,55";"95,34";"100,00";"89,64";"104,15";"107,25";"99,57";"95,15";"79,41";"79,41";"106,37";"88,17";"92,82";"85,90";"100,95"
"410430 CAMPO MOURAO";"99,78";"107,45";"102,00";"93,62";"92,00";"99,34";"108,77";"81,37";"104,60";"110,20";"112,18";"115,34";"108,20";"129,56";"79,37";"88,10";"91,49";"100,94";"89,46";"81,66";"99,19"
"410440 CANDIDO DE ABREU";"137,92";"122,32";"133,33";"120,18";"141,98";"143,79";"140,37";"140,16";"127,76";"115,10";"115,92";"104,90";"87,50";"149,00";"103,55";"75,10";"81,33";"79,65";"97,85";"115,05";"118,53"
"410442 CANDOI";"107,40";"100,28";"135,08";"99,44";"110,80";"112,34";"102,49";"120,58";"99,60";"92,31";"97,98";"99,60";"136,24";"84,62";"116,36";"106,43";"118,47";"98,74";"71,68";"90,68";"104,98"
"410445 CANTAGALO";"136,89";"121,45";"117,23";"92,64";"109,72";"105,33";"106,25";"107,54";"106,22";"101,04";"98,45";"92,23";"130,43";"97,30";"96,32";"119,08";"115,03";"72,55";"95,14";"91,35";"106,79"
"410450 CAPANEMA";"94,89";"96,26";"91,58";"93,38";"105,76";"130,49";"113,37";"84,55";"94,84";"84,04";"99,53";"97,65";"140,55";"90,95";"97,40";"113,21";"106,13";"106,84";"102,40";"109,60";"101,80"
"410460 CAPITAO LEONIDAS MARQUES";"169,06";"142,32";"124,41";"134,98";"120,00";"109,32";"127,46";"106,22";"115,14";"103,21";"88,99";"98,17";"142,16";"64,65";"99,44";"86,73";"105,69";"119,00";"85,25";"86,48";"111,37"
"410465 CARAMBEI";"75,49";"89,20";"97,27";"82,35";"117,25";"107,72";"92,47";"96,23";"123,03";"104,24";"117,88";"116,36";"71,47";"148,45";"115,63";"116,54";"89,15";"81,77";"109,32";"86,58";"101,90"
"410470 CARLOPOLIS";"97,02";"113,30";"103,43";"107,21";"99,00";"121,16";"116,36";"136,09";"121,02";"119,75";"141,40";"143,95";"97,87";"111,43";"98,40";"96,70";"106,59";"124,43";"98,51";"11,88";"106,71"
"410480 CASCAVEL";"98,23";"101,45";"89,31";"93,16";"91,39";"107,26";"97,06";"95,42";"98,30";"101,07";"101,56";"100,12";"102,70";"107,46";"91,30";"84,38";"70,24";"92,26";"90,67";"97,91";"95,24"
"410490 CASTRO";"89,92";"104,85";"93,30";"90,10";"100,29";"101,59";"94,15";"108,76";"100,17";"102,78";"102,44";"100,84";"101,86";"99,75";"101,71";"85,31";"62,39";"82,21";"86,68";"91,23";"95,20"
"410500 CATANDUVAS";"125,79";"109,83";"126,90";"116,28";"114,12";"115,03";"109,74";"124,06";"109,59";"115,07";"94,52";"92,47";"141,98";"91,87";"161,06";"87,50";"98,53";"107,89";"111,30";"57,39";"110,94"
"410510 CENTENARIO DO SUL";"80,42";"91,62";"121,24";"68,04";"103,78";"103,25";"98,50";"100,00";"116,67";"89,47";"110,53";"69,30";"94,12";"31,78";"117,24";"104,31";"117,24";"138,66";"71,68";"76,88";"93,11"
"410520 CERRO AZUL";"130,59";"121,22";"157,43";"113,49";"120,58";"115,82";"118,08";"86,82";"109,65";"92,66";"84,56";"75,68";"104,08";"110,26";"90,72";"80,99";"104,55";"104,59";"113,57";"80,54";"107,18"
"410530 CEU AZUL";"119,21";"96,27";"86,58";"93,29";"94,19";"84,24";"137,61";"85,19";"107,69";"100,00";"80,00";"81,54";"76,72";"77,40";"89,23";"120,86";"97,12";"106,94";"156,92";"110,77";"99,67"
"410540 CHOPINZINHO";"121,17";"132,87";"112,97";"105,20";"94,59";"110,10";"89,86";"104,51";"110,63";"109,06";"109,45";"105,51";"94,05";"96,69";"96,89";"100,37";"108,21";"98,91";"95,49";"103,82";"105,22"
"410550 CIANORTE";"101,66";"96,33";"95,30";"98,23";"97,03";"102,83";"93,69";"97,31";"99,26";"93,68";"100,74";"100,74";"108,32";"92,42";"91,50";"102,65";"107,16";"102,71";"96,44";"102,76";"99,11"
"410560 CIDADE GAUCHA";"144,38";"111,11";"100,00";"105,45";"103,91";"110,69";"97,89";"84,18";"92,15";"92,15";"96,34";"78,01";"95,54";"107,35";"107,45";"99,42";"94,22";"80,59";"99,32";"106,08";"99,67"
"410570 CLEVELANDIA";"92,70";"94,31";"90,62";"96,91";"90,40";"93,23";"90,51";"88,42";"92,45";"80,38";"87,92";"99,62";"94,36";"92,28";"98,24";"83,56";"92,12";"93,16";"103,91";"99,57";"92,60"
"410580 COLOMBO";"119,90";"117,13";"123,62";"106,89";"100,42";"95,23";"100,49";"99,23";"103,00";"101,63";"105,32";"80,76";"98,29";"97,18";"99,56";"69,21";"85,08";"82,85";"77,11";"78,65";"97,22"
"410590 COLORADO";"114,38";"91,64";"125,20";"89,08";"98,58";"126,32";"96,67";"89,88";"107,92";"90,57";"96,23";"90,19";"89,15";"82,59";"92,19";"107,22";"96,75";"92,52";"88,46";"70,63";"96,37"
"410600 CONGONHINHAS";"130,36";"94,96";"93,94";"107,69";"102,19";"108,62";"101,67";"84,78";"132,74";"88,50";"103,54";"73,45";"108,77";"110,66";"115,11";"82,35";"108,40";"106,67";"81,02";"58,39";"99,11"
"410610 CONSELHEIRO MAIRINCK";"154,35";"127,50";"106,52";"88,14";"111,86";"150,00";"106,67";"94,00";"190,62";"146,88";"156,25";"134,38";"90,91";"177,42";"126,83";"85,45";"105,45";"200,00";"87,50";"71,43";"118,96"
"410620 CONTENDA";"166,28";"115,53";"200,58";"140,86";"99,47";"121,08";"103,14";"107,19";"102,09";"103,66";"125,65";"78,53";"101,55";"103,59";"128,96";"40,56";"77,91";"82,26";"92,12";"85,48";"106,00"
"410630 CORBELIA";"111,57";"107,04";"90,82";"99,58";"97,18";"95,73";"111,65";"91,35";"102,79";"93,02";"93,95";"96,28";"117,39";"91,59";"132,63";"98,02";"107,51";"93,46";"79,38";"78,99";"98,97"
"410640 CORNELIO PROCOPIO";"108,47";"103,23";"100,64";"92,07";"93,34";"94,50";"103,92";"112,89";"95,67";"89,27";"93,25";"85,99";"97,64";"109,11";"93,53";"78,45";"86,92";"84,95";"76,94";"68,80";"93,86"
"410645 CORONEL DOMINGOS SOARES";"135,71";"111,03";"143,52";"103,51";"95,68";"123,42";"119,09";"101,69";"95,83";"110,00";"92,50";"96,67";"107,02";"131,03";"107,96";"94,29";"107,62";"123,86";"96,23";"96,23";"109,09"
"410650 CORONEL VIVIDA";"119,14";"121,41";"98,66";"102,96";"95,57";"102,45";"124,00";"130,22";"126,94";"113,28";"112,18";"100,74";"119,23";"108,33";"113,85";"109,81";"111,39";"90,06";"89,49";"84,98";"108,12"
"410655 CORUMBATAI DO SUL";"136,84";"121,79";"118,67";"124,32";"209,09";"172,41";"70,37";"116,36";"111,11";"106,67";"113,33";"75,56";"137,78";"64,29";"123,53";"120,59";"150,00";"92,45";"110,00";"27,50";"117,53"
"410657 CRUZEIRO DO IGUACU";"112,00";"125,35";"146,94";"77,05";"111,27";"127,27";"98,21";"108,51";"90,48";"77,78";"96,83";"68,25";"155,36";"96,55";"109,09";"106,78";"81,36";"168,57";"90,48";"82,54";"104,56"
"410660 CRUZEIRO DO OESTE";"133,83";"81,38";"102,83";"95,99";"104,32";"132,21";"102,37";"89,96";"104,72";"87,80";"92,52";"97,64";"110,45";"98,48";"88,17";"106,62";"89,55";"88,38";"82,53";"83,56";"98,09"
"410670 CRUZEIRO DO SUL";"132,26";"112,73";"79,49";"69,39";"113,04";"79,41";"93,65";"86,76";"83,75";"67,50";"96,25";"76,25";"82,22";"100,00";"87,93";"78,75";"90,00";"102,90";"77,92";"35,06";"85,60"
"410680 CRUZ MACHADO";"103,53";"102,75";"104,61";"96,80";"99,70";"102,73";"92,99";"112,55";"102,51";"92,89";"86,61";"82,85";"146,01";"118,91";"101,26";"93,60";"85,60";"95,98";"90,48";"78,57";"99,59"
"410685 CRUZMALTINA";"91,43";"82,86";"86,67";"113,79";"83,33";"185,00";"162,96";"80,56";"115,15";"106,06";"93,94";"121,21";"107,69";"111,11";"102,38";"100,00";"83,33";"87,80";"92,86";"111,90";"102,79"
"410690 CURITIBA";"101,61";"95,30";"96,18";"90,43";"95,55";"99,99";"98,35";"92,47";"97,01";"98,21";"100,12";"97,38";"96,95";"91,81";"97,57";"96,65";"89,06";"93,93";"89,66";"86,25";"95,31"
"410700 CURIUVA";"104,05";"120,50";"121,27";"101,20";"90,67";"98,52";"103,10";"144,83";"130,10";"117,96";"110,19";"88,83";"98,33";"65,45";"79,19";"107,86";"110,00";"88,17";"77,78";"56,61";"101,20"
"410710 DIAMANTE DO NORTE";"106,98";"98,96";"111,43";"115,58";"114,93";"103,17";"98,44";"86,30";"101,47";"125,00";"100,00";"72,06";"144,44";"82,26";"56,06";"126,00";"106,00";"71,19";"97,83";"110,87";"100,92"
"410712 DIAMANTE DO SUL";"125,45";"75,61";"121,79";"105,88";"97,10";"108,16";"100,00";"77,94";"129,27";"73,17";"87,80";"129,27";"97,78";"79,25";"126,32";"87,76";"108,16";"127,66";"88,68";"77,36";"100,09"
"410715 DIAMANTE D\'OESTE";"79,75";"106,25";"86,75";"101,18";"137,88";"82,50";"90,48";"88,89";"78,16";"86,21";"85,06";"85,06";"84,72";"115,49";"97,44";"96,05";"109,21";"96,88";"75,00";"86,84";"92,74"
"410720 DOIS VIZINHOS";"114,46";"109,28";"106,80";"94,48";"97,22";"101,95";"102,99";"80,91";"94,43";"92,90";"95,39";"82,15";"110,55";"87,69";"102,29";"75,89";"87,86";"91,44";"89,42";"102,72";"95,80"
"410725 DOURADINA";"107,37";"77,24";"84,00";"100,00";"89,92";"104,00";"110,64";"100,95";"100,98";"111,76";"127,45";"116,67";"135,40";"92,17";"99,30";"107,83";"106,09";"109,02";"93,70";"92,13";"102,84"
"410730 DOUTOR CAMARGO";"93,10";"191,07";"108,93";"141,94";"144,83";"120,37";"115,22";"106,38";"100,00";"98,00";"126,00";"112,00";"123,73";"101,64";"80,82";"115,00";"118,33";"92,31";"131,15";"108,20";"116,09"
"410740 ENEAS MARQUES";"118,09";"105,88";"95,95";"85,42";"110,34";"104,55";"126,67";"101,49";"114,04";"133,33";"136,84";"87,72";"90,32";"63,64";"141,67";"114,67";"98,67";"107,46";"120,00";"83,08";"106,25"
"410750 ENGENHEIRO BELTRAO";"110,63";"115,49";"123,46";"111,98";"127,31";"111,40";"129,41";"128,38";"128,31";"118,67";"130,72";"99,40";"134,18";"153,42";"96,34";"82,72";"85,86";"76,61";"81,82";"61,82";"110,29"
"410752 ESPERANCA NOVA";"208,33";"70,83";"140,00";"109,52";"104,55";"106,67";"90,00";"117,65";"66,67";"147,62";"80,95";"95,24";"138,89";"52,00";"108,00";"65,71";"71,43";"69,23";"127,27";"109,09";"100,67"
"410753 ENTRE RIOS DO OESTE";"100,00";"152,38";"101,85";"112,77";"97,87";"112,96";"106,38";"86,54";"90,74";"94,44";"79,63";"105,56";"108,51";"112,28";"144,74";"100,00";"107,84";"89,71";"114,55";"109,09";"105,12"
"410754 ESPIGAO ALTO DO IGUACU";"93,26";"90,43";"127,17";"115,46";"86,67";"102,11";"121,13";"127,87";"103,66";"76,83";"103,66";"102,44";"123,29";"71,43";"117,91";"133,33";"112,70";"100,00";"95,24";"101,59";"104,15"
"410755 FAROL";"95,08";"142,86";"94,55";"98,21";"100,00";"101,89";"117,39";"87,50";"108,70";"97,83";"95,65";"97,83";"96,49";"151,52";"86,67";"80,39";"62,75";"100,00";"64,58";"54,17";"95,33"
"410760 FAXINAL";"101,39";"111,36";"101,59";"84,49";"97,82";"82,33";"102,92";"83,71";"94,47";"106,81";"94,89";"103,83";"86,19";"195,08";"101,13";"78,85";"80,29";"91,46";"88,89";"64,07";"96,92"
"410765 FAZENDA RIO GRANDE";"114,02";"106,81";"116,22";"98,88";"100,43";"98,50";"107,97";"86,77";"103,31";"103,54";"127,98";"127,13";"123,07";"101,11";"113,55";"85,83";"92,27";"76,59";"78,74";"43,90";"98,22"
"410770 FENIX";"92,65";"109,23";"140,00";"97,06";"92,75";"98,25";"153,85";"89,58";"106,82";"125,00";"106,82";"109,09";"200,00";"105,36";"71,83";"85,48";"91,94";"157,78";"94,92";"98,31";"108,36"
"410773 FERNANDES PINHEIRO";"104,20";"114,39";"131,52";"71,96";"117,71";"102,88";"92,05";"124,44";"117,44";"122,09";"116,28";"139,53";"104,55";"90,00";"102,33";"106,76";"135,14";"113,25";"89,22";"66,67";"106,98"
"410775 FIGUEIRA";"110,00";"80,62";"96,69";"107,09";"117,76";"127,21";"95,52";"137,00";"117,36";"101,65";"100,00";"94,21";"107,89";"75,70";"76,92";"82,80";"96,77";"130,00";"118,56";"80,41";"102,43"
"410780 FLORAI";"100,00";"105,56";"104,00";"94,12";"83,61";"100,00";"69,09";"157,45";"87,27";"94,55";"92,73";"89,09";"85,71";"112,24";"87,30";"89,47";"91,23";"96,67";"98,18";"110,91";"96,53"
"410785 FLOR DA SERRA DO SUL";"112,62";"104,90";"140,30";"112,50";"88,16";"98,46";"111,29";"80,00";"154,55";"154,55";"159,09";"136,36";"89,83";"144,23";"110,29";"146,97";"116,67";"115,00";"94,59";"83,78";"114,44"
"410790 FLORESTA";"105,97";"110,81";"89,86";"96,20";"102,60";"98,33";"106,94";"94,12";"92,50";"105,00";"88,75";"88,75";"90,48";"106,41";"73,91";"45,05";"106,59";"105,00";"81,03";"106,90";"94,06"
"410800 FLORESTOPOLIS";"102,20";"110,24";"106,36";"89,39";"97,01";"93,12";"106,38";"100,72";"92,67";"94,67";"114,00";"98,00";"91,01";"86,75";"103,97";"107,02";"85,38";"79,29";"86,67";"84,67";"96,25"
"410810 FLORIDA";"82,05";"117,24";"97,44";"105,71";"81,82";"94,44";"125,93";"109,09";"132,00";"96,00";"152,00";"84,00";"144,44";"75,76";"103,23";"84,38";"84,38";"142,86";"159,26";"88,89";"105,65"
"410820 FORMOSA DO OESTE";"100,00";"91,84";"104,71";"91,18";"146,03";"93,90";"119,67";"95,56";"88,24";"95,29";"85,88";"77,65";"127,54";"68,09";"98,70";"98,84";"81,40";"135,80";"70,64";"86,24";"95,80"
"410830 FOZ DO IGUACU";"96,92";"102,91";"96,20";"103,42";"102,70";"109,77";"108,23";"104,87";"108,58";"101,09";"102,04";"100,54";"111,60";"101,96";"122,52";"72,21";"72,77";"87,24";"113,02";"78,82";"99,93"
"410832 FRANCISCO ALVES";"80,16";"89,19";"86,61";"82,50";"89,80";"105,43";"93,83";"83,56";"106,17";"104,94";"119,75";"88,89";"112,82";"84,44";"82,11";"101,03";"73,20";"99,07";"97,87";"104,26";"93,44"
"410840 FRANCISCO BELTRAO";"113,04";"101,58";"92,65";"87,32";"89,05";"100,09";"91,52";"92,44";"90,43";"82,44";"94,29";"89,20";"136,92";"76,90";"89,43";"97,39";"95,84";"91,85";"94,82";"70,30";"93,73"
"410845 FOZ DO JORDAO";"123,90";"106,74";"136,92";"147,66";"75,91";"116,07";"120,99";"83,67";"92,77";"100,00";"116,87";"101,20";"100,00";"167,12";"114,12";"102,41";"107,23";"71,43";"90,79";"98,68";"108,95"
"410850 GENERAL CARNEIRO";"99,16";"89,92";"97,18";"82,39";"85,75";"130,55";"107,33";"86,26";"114,92";"118,95";"94,76";"92,74";"175,27";"96,15";"85,57";"82,89";"97,81";"78,88";"99,50";"70,85";"98,38"
"410855 GODOY MOREIRA";"126,92";"125,00";"118,52";"132,00";"96,72";"129,55";"130,77";"137,21";"87,76";"73,47";"93,88";"65,31";"130,30";"78,38";"127,27";"83,87";"138,71";"195,45";"84,21";"65,79";"108,47"
"410860 GOIOERE";"112,50";"91,96";"95,77";"95,77";"102,11";"108,54";"102,76";"78,61";"110,47";"90,99";"97,67";"83,72";"129,91";"112,54";"70,57";"92,95";"85,64";"92,49";"68,93";"77,28";"94,75"
"410865 GOIOXIM";"118,01";"128,16";"127,71";"110,56";"104,73";"111,18";"113,39";"112,10";"98,29";"108,55";"117,95";"116,24";"111,11";"108,85";"117,98";"121,84";"127,59";"96,23";"91,67";"96,30";"112,41"
"410870 GRANDES RIOS";"82,26";"69,47";"104,84";"99,08";"127,55";"98,21";"117,58";"95,45";"108,08";"74,75";"76,77";"85,86";"118,67";"88,37";"94,79";"55,88";"92,16";"95,29";"95,45";"92,05";"92,86"
"410880 GUAIRA";"95,05";"100,58";"118,42";"102,02";"103,35";"118,29";"91,63";"87,22";"118,89";"117,51";"119,59";"96,77";"104,31";"76,86";"99,15";"118,76";"104,05";"161,41";"129,44";"84,07";"106,77"
"410890 GUAIRACA";"110,11";"84,69";"125,32";"113,33";"97,73";"111,11";"129,73";"90,67";"72,90";"77,57";"87,85";"90,65";"93,81";"83,16";"108,79";"95,29";"117,65";"87,91";"116,88";"127,27";"99,56"
"410895 GUAMIRANGA";"121,57";"106,67";"168,18";"111,97";"107,03";"116,30";"117,17";"117,39";"103,00";"118,00";"114,00";"128,00";"71,32";"112,87";"115,24";"91,60";"89,92";"123,42";"113,16";"76,32";"109,76"
"410900 GUAPIRAMA";"128,36";"142,59";"121,54";"96,67";"139,13";"106,90";"118,33";"130,91";"105,88";"88,24";"98,53";"89,71";"122,00";"83,64";"117,86";"144,00";"106,00";"114,29";"109,09";"58,18";"110,22"
"410910 GUAPOREMA";"130,00";"100,00";"100,00";"59,38";"123,33";"91,43";"185,71";"90,91";"70,00";"135,00";"125,00";"70,00";"150,00";"89,47";"95,83";"109,52";"80,95";"138,10";"104,76";"123,81";"105,96"
"410920 GUARACI";"172,58";"94,12";"111,27";"106,90";"126,92";"124,53";"61,40";"128,81";"101,69";"111,86";"120,34";"89,83";"98,39";"131,37";"81,97";"98,25";"89,47";"200,00";"98,51";"73,13";"108,18"
"410930 GUARANIACU";"97,76";"99,03";"90,03";"90,40";"102,99";"126,94";"109,01";"97,00";"103,35";"104,31";"87,56";"81,82";"83,33";"43,30";"76,60";"120,35";"120,93";"101,01";"98,57";"80,95";"95,95"
"410940 GUARAPUAVA";"96,83";"110,17";"95,48";"101,02";"102,59";"112,38";"99,14";"98,85";"93,67";"96,69";"101,44";"92,34";"98,38";"120,04";"105,08";"89,03";"81,71";"81,84";"71,41";"98,46";"97,30"
"410950 GUARAQUECABA";"51,33";"115,65";"117,69";"89,17";"120,00";"108,80";"113,27";"115,32";"126,21";"117,48";"134,95";"104,85";"93,20";"118,09";"74,07";"79,49";"144,87";"70,19";"68,69";"94,95";"102,05"
"410960 GUARATUBA";"105,34";"101,14";"104,02";"117,98";"92,99";"102,46";"124,62";"87,39";"99,34";"100,00";"110,50";"94,31";"121,18";"107,58";"125,72";"81,67";"82,03";"88,05";"93,95";"58,20";"99,41"
"410965 HONORIO SERPA";"143,75";"84,26";"94,59";"92,44";"87,72";"115,24";"105,62";"102,33";"100,98";"94,12";"70,59";"81,37";"102,86";"106,41";"118,75";"140,24";"89,02";"84,62";"101,82";"116,36";"100,72"
"410970 IBAITI";"94,42";"88,25";"106,19";"98,56";"101,35";"92,70";"108,74";"104,15";"125,30";"121,45";"117,11";"107,95";"113,20";"84,12";"69,92";"79,23";"88,52";"103,42";"113,87";"123,70";"102,02"
"410975 IBEMA";"112,07";"111,40";"109,38";"105,66";"78,18";"113,04";"121,00";"114,46";"113,25";"110,84";"133,73";"104,82";"132,67";"96,30";"75,21";"110,20";"107,14";"102,02";"118,09";"87,23";"107,10"
"410980 IBIPORA";"109,50";"106,16";"101,69";"92,33";"99,69";"88,41";"100,00";"94,00";"75,50";"95,33";"92,07";"95,75";"88,64";"81,01";"92,04";"102,33";"83,53";"85,69";"83,17";"64,62";"91,53"
"410990 ICARAIMA";"116,67";"117,99";"100,83";"100,00";"109,42";"131,31";"108,55";"104,90";"110,89";"115,84";"108,91";"112,87";"93,97";"22,22";"94,12";"104,76";"126,67";"99,17";"122,81";"116,67";"105,92"
"411000 IGUARACU";"140,91";"81,82";"102,33";"117,14";"100,00";"100,00";"102,00";"122,50";"91,11";"120,00";"120,00";"142,22";"94,12";"92,73";"92,31";"47,44";"82,05";"98,41";"109,26";"144,44";"102,26"
"411005 IGUATU";"152,00";"100,00";"72,22";"100,00";"139,29";"106,67";"82,86";"129,17";"100,00";"93,94";"75,76";"51,52";"55,56";"175,00";"193,75";"82,86";"57,14";"82,14";"73,08";"115,38";"95,46"
"411007 IMBAU";"115,85";"2,34";"117,41";"113,74";"90,16";"93,33";"83,87";"85,56";"96,82";"74,09";"72,27";"66,36";"94,30";"66,67";"3,23";"87,88";"91,92";"60,36";"61,24";"16,85";"74,45"
"411010 IMBITUVA";"97,51";"88,68";"100,17";"109,42";"99,43";"109,32";"104,40";"94,16";"103,23";"90,53";"99,31";"84,06";"116,28";"148,76";"98,05";"98,05";"100,43";"88,27";"87,47";"95,97";"100,61"
"411020 INACIO MARTINS";"106,12";"104,06";"136,20";"102,82";"106,12";"111,71";"103,04";"103,86";"107,49";"105,35";"82,89";"85,56";"123,57";"120,50";"114,12";"107,28";"100,66";"100,72";"54,65";"73,26";"102,93"
"411030 INAJA";"130,00";"184,21";"119,35";"220,00";"142,31";"100,00";"134,48";"90,91";"91,67";"97,22";"100,00";"105,56";"141,03";"123,68";"102,78";"94,44";"100,00";"68,57";"62,50";"156,25";"113,10"
"411040 INDIANOPOLIS";"86,67";"120,83";"92,73";"103,85";"92,59";"98,46";"94,34";"124,39";"104,35";"95,65";"136,96";"123,91";"122,58";"100,00";"76,56";"160,87";"119,57";"62,12";"123,53";"115,69";"105,77"
"411050 IPIRANGA";"120,39";"98,85";"99,59";"116,43";"109,57";"94,84";"100,85";"95,12";"98,50";"103,50";"88,50";"84,50";"102,15";"95,41";"110,86";"79,90";"109,05";"91,58";"102,08";"102,60";"100,43"
"411060 IPORA";"101,83";"106,51";"110,38";"107,80";"91,82";"103,48";"123,56";"107,07";"98,40";"105,32";"80,85";"79,79";"109,19";"59,39";"88,17";"117,30";"102,16";"93,60";"97,93";"120,73";"100,25"
"411065 IRACEMA DO OESTE";"90,24";"84,44";"145,45";"165,52";"131,43";"134,48";"119,35";"96,15";"142,11";"131,58";"136,84";"194,74";"152,00";"40,00";"193,75";"136,00";"96,00";"100,00";"185,00";"120,00";"123,22"
"411070 IRATI";"93,54";"103,40";"92,51";"93,02";"96,59";"103,81";"100,71";"112,53";"93,38";"100,76";"100,76";"91,73";"92,01";"105,29";"92,28";"84,75";"109,24";"96,01";"89,18";"90,59";"97,05"
"411080 IRETAMA";"102,90";"90,53";"110,42";"113,79";"107,78";"93,26";"135,57";"83,22";"117,46";"96,83";"119,84";"94,44";"110,06";"85,00";"70,34";"116,54";"100,00";"102,05";"100,00";"89,66";"101,73"
"411090 ITAGUAJE";"116,67";"95,83";"113,11";"114,06";"103,28";"95,83";"87,50";"109,84";"112,96";"105,56";"125,93";"75,93";"79,63";"85,42";"111,32";"45,07";"90,14";"115,79";"69,70";"48,48";"94,09"
"411095 ITAIPULANDIA";"76,52";"75,94";"93,28";"93,10";"108,27";"102,50";"102,97";"62,41";"90,98";"103,28";"125,41";"107,38";"96,35";"123,84";"102,63";"96,58";"119,18";"123,24";"98,97";"73,20";"98,47"
"411100 ITAMBARACA";"128,40";"100,00";"122,99";"109,43";"113,91";"102,00";"119,48";"100,93";"106,00";"99,00";"77,00";"86,00";"88,00";"96,25";"125,32";"80,56";"104,17";"96,92";"110,61";"92,42";"102,96"
"411110 ITAMBE";"116,48";"102,41";"119,40";"90,91";"106,85";"127,59";"110,61";"77,97";"97,37";"102,63";"147,37";"113,16";"83,33";"82,09";"101,43";"61,84";"78,95";"109,09";"104,11";"35,62";"98,37"
"411120 ITAPEJARA D\'OESTE";"103,45";"106,19";"108,27";"107,94";"102,03";"136,96";"148,25";"105,00";"136,36";"112,73";"125,45";"102,73";"107,56";"115,38";"125,00";"106,85";"101,37";"111,11";"94,18";"91,01";"111,04"
"411125 ITAPERUCU";"127,15";"102,18";"108,39";"90,04";"124,30";"99,36";"90,83";"82,06";"99,09";"97,73";"118,18";"110,45";"75,65";"179,96";"56,38";"58,77";"72,01";"98,39";"85,39";"72,30";"96,24"
"411130 ITAUNA DO SUL";"115,25";"97,10";"90,28";"126,32";"91,67";"115,22";"88,89";"107,14";"91,67";"88,33";"101,67";"78,33";"125,00";"105,36";"84,21";"67,80";"77,97";"112,50";"126,32";"131,58";"100,00"
"411140 IVAI";"99,23";"92,80";"107,18";"104,33";"80,84";"111,66";"104,83";"86,05";"92,49";"89,20";"94,84";"91,08";"98,99";"82,63";"89,55";"114,74";"93,16";"107,57";"91,84";"97,96";"96,28"
"411150 IVAIPORA";"126,81";"110,21";"110,73";"128,86";"128,75";"100,90";"117,33";"124,66";"133,51";"107,77";"127,08";"116,09";"79,84";"89,32";"88,38";"74,35";"95,72";"103,49";"108,48";"101,54";"109,07"
"411155 IVATE";"111,34";"76,85";"142,39";"112,96";"115,18";"146,59";"129,20";"115,70";"145,88";"121,18";"152,94";"137,65";"127,27";"61,54";"102,80";"109,17";"83,49";"68,03";"86,81";"37,36";"107,62"
"411160 IVATUBA";"137,93";"107,69";"112,50";"71,43";"83,33";"121,43";"94,12";"136,67";"115,62";"43,75";"78,12";"81,25";"100,00";"115,00";"43,33";"80,65";"174,19";"78,12";"76,32";"65,79";"94,63"
"411170 JABOTI";"60,45";"70,21";"126,15";"98,41";"88,31";"96,05";"125,93";"132,65";"133,87";"146,77";"166,13";"109,68";"124,29";"104,17";"63,77";"132,61";"178,26";"65,66";"69,62";"73,42";"101,20"
"411180 JACAREZINHO";"95,48";"107,72";"101,62";"102,93";"92,60";"93,98";"101,84";"83,96";"90,62";"84,42";"94,97";"80,40";"101,42";"106,39";"82,04";"74,83";"82,65";"103,90";"103,87";"91,16";"93,81"
"411190 JAGUAPITA";"79,66";"102,33";"111,56";"110,76";"132,89";"94,38";"102,41";"96,84";"105,73";"107,64";"122,93";"112,74";"101,15";"119,63";"87,83";"115,85";"99,39";"102,40";"85,88";"6,78";"99,06"
"411200 JAGUARIAIVA";"112,19";"98,84";"97,62";"92,73";"96,16";"91,49";"88,63";"89,74";"87,39";"88,47";"93,87";"95,50";"136,24";"110,14";"73,30";"83,06";"86,45";"89,85";"86,05";"96,20";"94,47"
"411210 JANDAIA DO SUL";"108,76";"101,35";"116,29";"124,59";"94,86";"106,64";"100,00";"93,00";"108,62";"115,52";"110,34";"103,45";"93,00";"111,97";"83,83";"93,73";"96,86";"98,87";"101,10";"118,32";"103,78"
"411220 JANIOPOLIS";"105,43";"113,13";"83,51";"97,67";"100,00";"107,78";"103,61";"88,75";"109,23";"103,08";"96,92";"109,23";"134,78";"101,52";"93,06";"115,19";"88,61";"79,07";"83,33";"70,83";"99,21"
"411230 JAPIRA";"90,12";"82,05";"97,18";"106,06";"137,25";"102,94";"118,33";"145,28";"108,33";"125,00";"91,67";"105,00";"125,00";"92,98";"122,81";"91,80";"122,95";"130,36";"91,89";"85,14";"106,80"
"411240 JAPURA";"141,05";"122,34";"114,58";"121,25";"96,33";"105,49";"98,89";"111,84";"75,23";"109,17";"88,99";"77,06";"75,49";"101,33";"97,56";"85,15";"108,91";"76,47";"79,82";"94,50";"98,05"
"411250 JARDIM ALEGRE";"106,81";"87,13";"109,79";"116,84";"114,21";"125,58";"126,00";"165,29";"185,19";"131,11";"125,93";"151,85";"106,85";"83,87";"100,00";"91,93";"86,34";"97,87";"113,74";"98,47";"114,44"
"411260 JARDIM OLINDA";"173,68";"120,00";"152,94";"157,89";"67,74";"55,56";"155,56";"77,42";"118,52";"66,67";"85,19";"66,67";"86,67";"85,00";"65,00";"100,00";"63,16";"100,00";"164,29";"178,57";"100,23"
"411270 JATAIZINHO";"154,34";"123,76";"116,18";"118,87";"104,74";"123,56";"96,46";"99,37";"98,30";"103,41";"108,52";"78,98";"98,31";"120,89";"129,94";"81,55";"81,55";"106,90";"73,60";"81,22";"104,03"
"411275 JESUITAS";"103,31";"102,63";"113,13";"109,35";"89,00";"109,26";"96,04";"93,69";"93,81";"100,00";"76,99";"106,19";"203,57";"92,71";"95,15";"99,08";"92,66";"96,04";"97,03";"113,86";"103,07"
"411280 JOAQUIM TAVORA";"104,72";"102,33";"109,56";"96,97";"94,38";"113,67";"106,45";"89,34";"90,48";"98,64";"86,39";"93,88";"110,69";"137,98";"132,43";"82,61";"94,02";"91,72";"98,16";"114,11";"101,82"
"411290 JUNDIAI DO SUL";"113,11";"152,50";"104,00";"93,75";"117,39";"117,50";"105,41";"113,51";"91,43";"122,86";"120,00";"122,86";"106,06";"102,78";"148,00";"102,44";"90,24";"100,00";"132,26";"80,65";"111,04"
"411295 JURANDA";"133,83";"100,72";"102,86";"107,46";"111,32";"103,09";"96,15";"85,00";"137,50";"113,89";"144,44";"126,39";"150,98";"103,19";"83,02";"96,70";"87,91";"93,00";"98,96";"95,83";"107,84"
"411300 JUSSARA";"128,57";"97,59";"94,79";"107,69";"93,33";"101,33";"93,67";"75,28";"100,00";"92,52";"81,31";"71,96";"121,11";"84,62";"105,56";"82,61";"89,13";"95,35";"94,44";"78,89";"94,15"
"411310 KALORE";"98,11";"112,50";"93,75";"88,14";"98,33";"88,68";"130,00";"75,76";"123,68";"121,05";"105,26";"97,37";"146,51";"104,44";"98,15";"110,20";"93,88";"104,26";"73,47";"110,20";"101,84"
"411320 LAPA";"104,23";"98,39";"103,74";"102,34";"101,16";"96,26";"81,54";"83,57";"100,64";"84,21";"106,38";"71,45";"85,71";"77,59";"106,56";"70,33";"80,38";"80,27";"94,87";"88,85";"91,24"
"411325 LARANJAL";"189,86";"96,50";"130,22";"100,72";"119,20";"109,40";"92,79";"102,83";"91,00";"105,00";"99,00";"97,00";"104,04";"93,88";"84,47";"113,79";"103,45";"110,00";"75,79";"101,05";"107,72"
"411330 LARANJEIRAS DO SUL";"99,05";"98,42";"94,63";"84,07";"89,29";"101,16";"112,04";"93,22";"92,34";"92,79";"99,32";"103,15";"97,35";"103,06";"118,78";"87,85";"89,72";"98,29";"90,83";"77,71";"95,88"
"411340 LEOPOLIS";"101,79";"105,17";"86,96";"100,00";"79,25";"127,66";"88,68";"97,67";"88,00";"90,00";"76,00";"82,00";"54,39";"154,17";"72,50";"55,77";"82,69";"113,51";"70,83";"85,42";"88,57"
"411342 LIDIANOPOLIS";"119,15";"146,00";"98,41";"140,54";"117,78";"90,74";"123,53";"95,92";"89,13";"132,61";"126,09";"100,00";"111,32";"61,54";"65,22";"95,65";"132,61";"109,43";"98,08";"80,77";"106,51"
"411345 LINDOESTE";"82,18";"90,43";"120,78";"76,09";"111,36";"130,77";"123,29";"83,10";"112,07";"120,69";"117,24";"94,83";"153,52";"125,40";"102,60";"83,56";"100,00";"91,03";"132,39";"112,68";"106,60"
"411350 LOANDA";"126,37";"108,28";"100,34";"91,29";"98,93";"97,17";"98,43";"73,05";"96,00";"95,00";"99,00";"99,67";"146,50";"79,77";"104,05";"88,15";"81,46";"115,04";"87,38";"101,85";"99,00"
"411360 LOBATO";"112,50";"106,25";"104,17";"83,61";"137,04";"90,74";"112,24";"117,95";"106,82";"106,82";"97,73";"136,36";"141,38";"100,00";"88,89";"131,58";"98,25";"80,77";"101,69";"79,66";"106,21"
"411370 LONDRINA";"98,24";"92,50";"95,55";"93,79";"94,88";"92,85";"80,99";"80,75";"90,36";"87,96";"92,80";"93,71";"94,50";"91,00";"84,66";"91,24";"95,58";"45,88";"80,48";"75,45";"87,68"
"411373 LUIZIANA";"109,48";"123,01";"120,51";"126,89";"118,10";"122,22";"108,65";"124,00";"98,28";"103,45";"108,62";"109,48";"144,26";"92,48";"91,43";"128,72";"98,94";"78,10";"110,71";"122,62";"111,85"
"411375 LUNARDELLI";"95,79";"101,04";"109,88";"88,64";"100,00";"79,76";"92,50";"105,63";"76,25";"85,00";"67,50";"70,00";"95,24";"82,19";"145,65";"98,31";"88,14";"78,85";"133,93";"96,43";"93,00"
"411380 LUPIONOPOLIS";"96,77";"79,45";"134,62";"96,61";"114,81";"137,50";"59,32";"129,27";"91,38";"105,17";"137,93";"112,07";"126,98";"90,00";"108,77";"115,38";"98,08";"80,77";"117,07";"112,20";"105,83"
"411390 MALLET";"119,53";"83,19";"101,00";"99,50";"119,76";"94,23";"119,61";"100,65";"105,93";"122,96";"123,70";"110,37";"102,70";"100,00";"161,59";"92,02";"107,36";"112,82";"91,72";"103,55";"107,23"
"411400 MAMBORE";"121,15";"100,00";"100,50";"79,67";"99,57";"95,87";"115,82";"95,48";"103,85";"89,42";"94,23";"72,60";"165,50";"99,43";"116,27";"91,44";"101,60";"111,04";"71,78";"72,28";"98,89"
"411410 MANDAGUACU";"111,81";"104,37";"101,59";"105,35";"97,50";"109,58";"91,35";"88,46";"104,53";"97,94";"112,35";"84,36";"98,90";"109,21";"69,61";"80,34";"109,83";"88,92";"97,18";"97,18";"97,47"
"411420 MANDAGUARI";"92,86";"106,01";"101,65";"96,00";"105,45";"90,26";"100,52";"96,12";"98,16";"91,60";"117,85";"98,16";"77,68";"106,27";"103,92";"88,57";"95,82";"96,15";"85,83";"88,98";"96,43"
"411430 MANDIRITUBA";"88,89";"107,80";"88,08";"102,19";"100,53";"88,28";"115,25";"75,20";"105,57";"86,80";"92,96";"87,10";"54,89";"76,90";"97,55";"57,78";"83,95";"92,35";"73,57";"34,91";"84,81"
"411435 MANFRINOPOLIS";"175,51";"115,07";"188,24";"200,00";"136,11";"104,44";"140,00";"103,03";"60,71";"85,71";"55,36";"23,21";"75,76";"85,71";"144,44";"89,47";"107,89";"73,81";"86,11";"94,44";"104,13"
"411440 MANGUEIRINHA";"90,33";"92,17";"87,37";"104,23";"109,20";"108,20";"126,56";"88,62";"104,90";"101,40";"104,90";"105,94";"97,71";"123,95";"87,55";"71,48";"105,19";"94,07";"98,79";"111,29";"100,03"
"411450 MANOEL RIBAS";"134,50";"107,82";"106,03";"99,10";"96,54";"108,11";"121,67";"94,06";"106,48";"107,41";"115,28";"98,61";"122,27";"103,35";"78,54";"118,75";"96,88";"81,61";"88,66";"107,73";"105,01"
"411460 MARECHAL CANDIDO RONDON";"106,11";"99,68";"92,07";"95,04";"105,84";"114,60";"100,00";"94,23";"94,34";"98,41";"107,26";"106,55";"92,70";"95,22";"84,84";"35,93";"97,25";"97,07";"91,03";"93,67";"94,58"
"411470 MARIA HELENA";"98,70";"92,42";"120,29";"97,59";"100,00";"138,46";"113,33";"92,54";"118,52";"75,93";"116,67";"144,44";"82,93";"132,08";"104,62";"54,65";"98,84";"117,65";"106,58";"59,21";"100,59"
"411480 MARIALVA";"112,17";"110,40";"95,24";"99,76";"89,38";"115,54";"120,93";"116,09";"97,93";"109,07";"119,43";"110,10";"99,53";"98,21";"101,90";"106,39";"112,11";"89,50";"99,19";"94,12";"104,13"
"411490 MARILANDIA DO SUL";"104,86";"107,79";"113,74";"101,41";"104,11";"101,59";"103,12";"89,34";"127,78";"138,89";"140,00";"127,78";"123,14";"121,70";"116,81";"84,38";"103,91";"91,94";"103,48";"90,43";"108,22"
"411500 MARILENA";"121,36";"104,59";"123,15";"110,34";"112,77";"82,69";"107,78";"93,81";"140,48";"103,57";"126,19";"94,05";"146,15";"80,73";"100,99";"73,60";"63,20";"101,09";"89,41";"115,29";"102,99"
"411510 MARILUZ";"119,89";"94,71";"92,90";"81,69";"92,05";"117,50";"104,64";"81,13";"86,93";"92,81";"88,89";"104,58";"105,42";"98,67";"125,17";"91,19";"89,31";"104,48";"92,52";"89,80";"97,19"
"411520 MARINGA";"110,56";"107,98";"106,18";"106,05";"104,09";"105,50";"105,94";"100,24";"101,21";"108,37";"114,64";"110,84";"106,61";"105,12";"98,19";"100,26";"97,93";"92,41";"94,32";"117,88";"104,56"
"411530 MARIOPOLIS";"111,36";"135,44";"86,73";"118,28";"101,11";"122,50";"95,95";"90,00";"112,05";"97,59";"119,28";"79,52";"105,49";"170,18";"115,00";"100,00";"94,44";"112,99";"103,37";"93,26";"106,82"
"411535 MARIPA";"147,37";"85,25";"111,94";"82,89";"120,31";"136,54";"110,42";"74,55";"112,28";"103,51";"119,30";"129,82";"115,62";"98,31";"96,97";"121,31";"132,79";"84,44";"106,10";"137,80";"110,60"
"411540 MARMELEIRO";"107,91";"95,94";"101,04";"98,28";"89,42";"123,72";"103,59";"96,77";"73,47";"98,98";"81,12";"78,57";"106,83";"171,70";"117,58";"124,00";"123,43";"121,94";"102,37";"94,31";"104,40"
"411545 MARQUINHO";"86,58";"111,11";"122,00";"108,62";"114,12";"92,39";"102,30";"93,26";"105,41";"112,16";"108,11";"109,46";"90,91";"127,54";"96,05";"79,17";"104,17";"124,49";"83,33";"101,39";"103,00"
"411550 MARUMBI";"104,48";"115,69";"105,00";"91,94";"114,55";"102,38";"116,33";"76,27";"90,38";"76,92";"140,38";"96,15";"111,29";"157,89";"107,14";"92,42";"80,30";"85,19";"83,05";"79,66";"100,88"
"411560 MATELANDIA";"110,24";"87,85";"109,69";"87,30";"89,63";"105,00";"104,63";"85,04";"107,31";"104,11";"107,76";"105,94";"155,65";"80,08";"109,84";"93,65";"108,73";"102,01";"88,21";"91,07";"101,05"
"411570 MATINHOS";"86,23";"117,81";"108,18";"101,69";"91,45";"107,97";"99,55";"98,07";"106,31";"94,17";"104,85";"135,68";"107,51";"95,71";"96,52";"93,40";"93,40";"83,97";"79,92";"66,46";"97,92"
"411573 MATO RICO";"89,02";"139,13";"146,67";"176,36";"90,67";"120,37";"94,03";"176,32";"78,18";"80,00";"83,64";"78,18";"150,00";"62,50";"125,00";"113,89";"130,56";"128,95";"113,51";"124,32";"112,72"
"411575 MAUA DA SERRA";"93,55";"127,33";"135,77";"102,24";"129,53";"113,75";"102,01";"112,59";"93,42";"96,05";"99,34";"97,37";"173,38";"93,87";"119,86";"82,87";"80,11";"101,95";"102,58";"42,58";"104,23"
"411580 MEDIANEIRA";"100,51";"115,33";"116,46";"101,72";"94,82";"110,54";"106,70";"102,09";"98,43";"102,09";"105,41";"94,42";"108,97";"112,58";"105,04";"75,11";"100,00";"92,79";"76,95";"49,87";"97,18"
"411585 MERCEDES";"121,43";"130,77";"94,00";"77,14";"120,31";"114,29";"101,79";"100,00";"102,78";"102,78";"102,78";"93,06";"106,15";"84,75";"142,31";"90,62";"131,25";"98,72";"80,52";"101,30";"103,59"
"411590 MIRADOR";"170,00";"134,78";"111,76";"81,25";"163,33";"215,00";"94,12";"113,64";"160,87";"147,83";"156,52";"147,83";"153,85";"72,97";"152,00";"196,15";"138,46";"136,00";"80,00";"97,50";"130,28"
"411600 MIRASELVA";"200,00";"123,81";"87,10";"128,57";"96,88";"206,67";"142,11";"140,00";"82,35";"111,76";"141,18";"164,71";"100,00";"88,89";"250,00";"128,00";"100,00";"107,41";"87,50";"181,25";"125,24"
"411605 MISSAL";"94,81";"75,64";"109,92";"82,58";"94,62";"103,73";"86,32";"88,60";"87,12";"102,27";"81,06";"98,48";"138,52";"121,37";"102,99";"82,27";"89,36";"97,67";"97,78";"85,93";"95,76"
"411610 MOREIRA SALES";"113,71";"89,60";"115,25";"114,53";"104,37";"96,79";"88,59";"79,66";"98,50";"70,68";"92,48";"81,20";"128,57";"91,84";"82,50";"122,22";"97,78";"109,49";"81,65";"46,84";"95,59"
"411620 MORRETES";"126,49";"137,60";"103,45";"97,29";"101,84";"85,96";"118,29";"89,71";"105,44";"104,60";"80,33";"78,66";"116,99";"97,14";"94,69";"76,76";"87,97";"77,68";"86,15";"90,04";"98,24"
"411630 MUNHOZ DE MELO";"153,85";"100,00";"129,41";"90,00";"84,62";"114,29";"111,11";"102,50";"134,29";"102,86";"91,43";"125,71";"133,33";"107,89";"159,52";"59,09";"87,88";"110,42";"92,31";"123,08";"108,10"
"411640 NOSSA SENHORA DAS GRACAS";"115,56";"98,53";"123,91";"106,12";"95,83";"116,67";"90,00";"85,11";"100,00";"100,00";"100,00";"87,80";"211,36";"111,32";"94,83";"131,11";"131,11";"86,89";"84,91";"54,72";"105,10"
"411650 NOVA ALIANCA DO IVAI";"126,32";"312,50";"133,33";"150,00";"78,26";"140,00";"160,00";"141,18";"61,90";"128,57";"95,24";"104,76";"108,33";"126,32";"95,24";"119,05";"76,19";"76,00";"90,48";"66,67";"109,74"
"411660 NOVA AMERICA DA COLINA";"107,02";"129,55";"96,77";"85,25";"114,52";"108,00";"139,53";"90,91";"148,48";"93,94";"133,33";"118,18";"108,33";"84,91";"125,00";"88,64";"79,55";"121,21";"65,00";"110,00";"105,62"
"411670 NOVA AURORA";"116,02";"118,32";"107,55";"90,48";"120,38";"117,69";"112,14";"118,49";"122,46";"115,94";"97,10";"112,32";"96,72";"97,22";"136,92";"83,13";"88,55";"116,79";"107,04";"114,08";"109,08"
"411680 NOVA CANTU";"116,90";"96,32";"109,30";"101,52";"113,13";"105,71";"85,83";"101,09";"112,22";"98,89";"118,89";"76,67";"110,10";"81,05";"109,76";"97,47";"120,25";"69,15";"82,83";"37,37";"97,45"
"411690 NOVA ESPERANCA";"91,79";"94,13";"90,54";"88,38";"93,00";"101,32";"104,12";"91,17";"105,18";"105,18";"108,74";"104,53";"94,79";"88,07";"101,90";"74,39";"88,41";"92,26";"94,24";"100,61";"95,33"
"411695 NOVA ESPERANCA DO SUDOESTE";"96,81";"136,84";"150,00";"100,00";"102,17";"118,84";"140,62";"101,28";"101,32";"89,47";"67,11";"57,89";"130,56";"84,93";"75,36";"133,33";"115,79";"88,41";"65,67";"74,63";"100,89"
"411700 NOVA FATIMA";"113,64";"111,90";"164,21";"107,76";"87,20";"110,78";"97,37";"94,39";"100,00";"104,81";"99,04";"86,54";"103,30";"97,12";"113,79";"84,55";"70,00";"87,36";"75,00";"89,13";"99,71"
"411705 NOVA LARANJEIRAS";"107,27";"112,75";"105,50";"99,13";"77,07";"127,07";"112,06";"97,06";"90,50";"88,50";"103,50";"97,50";"103,06";"117,22";"121,60";"101,10";"93,96";"96,86";"83,45";"89,66";"101,20"
"411710 NOVA LONDRINA";"127,54";"124,87";"129,71";"135,95";"98,25";"97,06";"111,56";"98,25";"118,18";"100,65";"106,49";"120,78";"159,17";"85,48";"97,19";"101,65";"66,48";"98,09";"86,06";"48,48";"105,57"
"411720 NOVA OLIMPIA";"109,72";"90,00";"90,00";"122,00";"104,41";"100,00";"88,71";"100,00";"85,90";"97,44";"76,92";"96,15";"103,28";"76,00";"76,92";"85,56";"94,44";"93,42";"77,03";"44,59";"89,61"
"411721 NOVA SANTA BARBARA";"90,28";"111,29";"132,26";"94,20";"124,00";"84,21";"111,32";"87,27";"98,28";"110,34";"93,10";"106,90";"175,00";"108,00";"147,83";"67,65";"91,18";"112,73";"107,69";"78,85";"104,95"
"411722 NOVA SANTA ROSA";"111,63";"114,89";"107,69";"88,46";"91,75";"95,10";"106,52";"105,32";"107,29";"103,12";"108,33";"106,25";"96,49";"93,81";"135,56";"120,00";"119,00";"89,55";"96,09";"90,62";"103,39"
"411725 NOVA PRATA DO IGUACU";"114,01";"93,98";"107,53";"97,93";"106,87";"105,07";"104,31";"107,96";"121,55";"93,97";"108,62";"93,10";"89,74";"138,58";"140,78";"91,84";"69,39";"115,13";"111,97";"100,00";"104,82"
"411727 NOVA TEBAS";"111,56";"86,18";"117,52";"97,93";"121,97";"123,42";"140,62";"110,48";"128,21";"120,51";"106,41";"100,00";"60,20";"116,87";"112,94";"93,14";"80,39";"123,46";"98,02";"86,14";"106,08"
"411729 NOVO ITACOLOMI";"112,82";"105,26";"166,67";"120,69";"86,36";"114,29";"130,00";"105,00";"112,90";"100,00";"106,45";"109,68";"153,33";"91,18";"82,76";"123,33";"130,00";"75,00";"72,73";"72,73";"105,57"
"411730 ORTIGUEIRA";"129,04";"143,08";"129,97";"101,45";"89,98";"102,58";"115,00";"115,59";"121,84";"113,61";"107,91";"99,68";"127,80";"79,47";"90,07";"77,97";"108,81";"82,80";"95,24";"97,14";"107,14"
"411740 OURIZONA";"85,00";"112,82";"112,82";"120,93";"111,76";"107,69";"137,50";"91,67";"89,74";"130,77";"105,13";"100,00";"104,88";"97,30";"115,09";"97,67";"106,98";"84,09";"87,50";"55,00";"101,63"
"411745 OURO VERDE DO OESTE";"84,27";"91,95";"104,88";"113,16";"118,18";"116,90";"76,54";"113,24";"93,90";"107,32";"92,68";"87,80";"105,48";"87,80";"84,62";"123,53";"100,00";"126,39";"90,91";"94,32";"99,74"
"411750 PAICANDU";"113,57";"106,82";"101,81";"110,11";"124,62";"111,94";"105,05";"113,30";"100,00";"105,97";"108,44";"102,06";"123,52";"118,63";"118,93";"72,03";"102,80";"92,64";"85,29";"86,07";"104,08"
"411760 PALMAS";"118,01";"88,78";"97,83";"82,64";"84,74";"89,84";"95,91";"95,65";"87,08";"92,08";"98,14";"101,05";"104,10";"100,80";"93,93";"47,19";"58,55";"81,57";"90,71";"87,38";"89,77"
"411770 PALMEIRA";"111,35";"96,98";"100,40";"97,13";"94,71";"102,73";"93,85";"103,36";"100,79";"91,16";"91,16";"92,14";"100,65";"99,16";"103,45";"86,61";"92,68";"111,99";"96,11";"79,75";"97,23"
"411780 PALMITAL";"98,50";"105,20";"113,50";"99,13";"91,79";"125,46";"98,80";"99,62";"113,49";"104,65";"104,19";"89,77";"167,18";"192,04";"118,39";"84,52";"80,16";"117,71";"93,09";"89,40";"107,58"
"411790 PALOTINA";"121,63";"101,19";"102,86";"98,76";"107,51";"117,36";"119,07";"121,73";"116,04";"105,61";"117,38";"115,51";"89,07";"110,20";"123,35";"99,16";"93,95";"118,98";"94,46";"95,84";"107,68"
"411800 PARAISO DO NORTE";"113,77";"106,00";"119,48";"102,84";"79,66";"122,54";"106,62";"102,75";"117,18";"95,09";"93,87";"83,44";"116,98";"89,14";"126,71";"81,86";"83,33";"105,99";"83,24";"101,62";"100,54"
"411810 PARANACITY";"106,85";"87,58";"129,08";"95,42";"101,41";"101,44";"109,02";"93,02";"103,01";"102,41";"77,11";"84,94";"157,38";"92,62";"101,45";"100,00";"108,81";"91,03";"119,73";"87,76";"101,57"
"411820 PARANAGUA";"97,32";"92,99";"100,07";"95,04";"98,22";"105,92";"110,33";"100,75";"104,75";"94,26";"100,79";"96,03";"95,45";"91,79";"46,45";"64,92";"59,38";"77,68";"57,92";"63,77";"88,15"
"411830 PARANAPOEMA";"110,53";"113,16";"115,00";"148,57";"83,02";"97,87";"92,11";"109,76";"85,00";"70,00";"86,67";"86,67";"97,87";"95,00";"107,69";"123,68";"100,00";"102,63";"42,50";"87,50";"95,73"
"411840 PARANAVAI";"101,04";"86,39";"91,46";"86,09";"96,90";"89,28";"103,12";"81,34";"95,79";"94,76";"93,73";"88,75";"75,04";"119,13";"93,30";"88,24";"89,29";"87,39";"90,60";"70,63";"90,89"
"411845 PATO BRAGADO";"110,00";"88,52";"115,69";"114,04";"78,21";"118,18";"103,92";"88,75";"115,25";"120,34";"96,61";"84,75";"138,78";"90,32";"144,44";"97,18";"105,63";"114,06";"109,72";"118,06";"106,35"
"411850 PATO BRANCO";"93,70";"90,61";"82,71";"94,11";"88,73";"92,54";"99,14";"97,52";"97,20";"98,26";"100,97";"100,87";"94,94";"98,12";"106,41";"97,07";"91,83";"84,00";"102,55";"105,02";"95,76"
"411860 PAULA FREITAS";"90,00";"92,05";"94,57";"96,47";"116,22";"97,47";"118,31";"108,00";"88,00";"94,67";"89,33";"73,33";"177,97";"122,22";"105,33";"127,27";"118,18";"100,00";"97,14";"97,14";"103,58"
"411870 PAULO FRONTIN";"110,00";"100,00";"103,57";"84,62";"105,45";"92,55";"108,70";"109,33";"100,00";"104,88";"82,93";"107,32";"106,33";"116,18";"86,42";"158,18";"138,18";"91,86";"83,75";"91,25";"102,21"
"411880 PEABIRU";"122,37";"145,13";"125,50";"120,21";"129,03";"115,33";"138,67";"138,92";"136,08";"141,77";"130,38";"99,37";"125,79";"82,98";"98,83";"102,98";"102,98";"87,43";"101,79";"90,48";"116,90"
"411885 PEROBAL";"141,07";"100,00";"135,19";"91,18";"107,58";"116,98";"107,69";"90,00";"115,15";"115,15";"119,70";"112,12";"109,09";"104,11";"129,87";"93,41";"109,89";"116,09";"87,61";"95,58";"108,19"
"411890 PEROLA";"93,94";"102,13";"117,86";"95,19";"87,80";"99,00";"107,77";"91,89";"108,20";"107,38";"99,18";"118,85";"125,40";"11,85";"113,70";"106,71";"90,85";"108,39";"98,70";"64,94";"96,66"
"411900 PEROLA D\'OESTE";"153,61";"126,04";"140,00";"116,47";"107,59";"108,57";"113,16";"83,78";"84,00";"80,00";"114,67";"81,33";"71,79";"93,22";"85,71";"103,12";"109,38";"107,58";"95,77";"108,45";"105,65"
"411910 PIEN";"246,53";"179,87";"179,63";"148,09";"111,05";"156,88";"199,34";"187,50";"227,14";"192,14";"171,43";"174,29";"94,23";"167,48";"154,72";"78,12";"104,17";"92,02";"209,94";"122,36";"156,55"
"411915 PINHAIS";"105,95";"103,02";"114,94";"116,18";"94,86";"98,79";"110,56";"101,40";"105,04";"105,32";"94,96";"80,71";"90,17";"97,51";"88,43";"82,14";"84,55";"90,49";"90,01";"84,61";"96,86"
"411920 PINHALAO";"120,00";"103,45";"116,85";"127,10";"146,36";"215,19";"164,20";"198,53";"133,33";"156,57";"133,33";"88,89";"105,95";"73,64";"131,11";"56,86";"80,39";"68,52";"88,24";"98,82";"117,77"
"411925 PINHAL DE SAO BENTO";"132,00";"91,67";"80,00";"127,27";"102,33";"123,68";"112,12";"102,63";"103,12";"150,00";"140,62";"81,25";"76,09";"172,73";"89,74";"91,67";"86,11";"90,32";"79,41";"102,94";"104,93"
"411930 PINHAO";"100,79";"100,56";"103,17";"98,43";"97,90";"93,62";"93,32";"102,58";"92,59";"103,70";"91,23";"93,76";"91,51";"102,77";"118,28";"72,32";"97,32";"93,24";"87,09";"86,91";"96,26"
"411940 PIRAI DO SUL";"95,92";"96,88";"101,64";"96,80";"93,09";"97,02";"111,08";"100,25";"95,29";"87,59";"104,22";"110,67";"119,16";"76,84";"160,91";"36,75";"84,00";"94,52";"79,89";"88,59";"96,26"
"411950 PIRAQUARA";"106,90";"109,17";"111,99";"128,76";"106,84";"113,34";"116,73";"113,32";"116,41";"104,68";"117,25";"101,19";"117,18";"95,07";"97,96";"57,79";"90,46";"91,32";"85,26";"101,40";"103,43"
"411960 PITANGA";"127,99";"102,29";"112,05";"116,53";"111,27";"125,58";"124,69";"102,69";"108,88";"110,78";"128,54";"93,87";"93,06";"96,76";"109,25";"97,54";"86,27";"92,73";"98,41";"97,95";"107,58"
"411965 PITANGUEIRAS";"138,71";"92,11";"128,57";"72,22";"112,50";"88,89";"118,52";"65,00";"121,43";"132,14";"142,86";"142,86";"116,67";"97,30";"94,44";"125,00";"100,00";"121,88";"133,33";"191,67";"113,62"
"411970 PLANALTINA DO PARANA";"128,12";"90,54";"102,94";"83,08";"100,00";"81,25";"129,69";"91,43";"120,00";"124,00";"88,00";"86,00";"70,00";"98,25";"110,20";"75,00";"92,65";"105,08";"90,77";"64,62";"95,77"
"411980 PLANALTO";"124,28";"126,70";"90,00";"128,16";"96,00";"114,81";"111,76";"98,05";"100,70";"97,18";"80,99";"91,55";"134,45";"99,21";"120,16";"98,43";"113,39";"115,75";"121,43";"94,29";"107,83"
"411990 PONTA GROSSA";"100,04";"97,11";"98,04";"91,42";"90,86";"93,27";"95,66";"94,46";"92,91";"95,69";"99,26";"87,48";"87,44";"98,21";"104,14";"81,02";"87,09";"89,04";"90,12";"87,45";"92,97"
"411995 PONTAL DO PARANA";"121,72";"102,89";"120,81";"109,68";"110,49";"118,01";"119,15";"104,66";"106,47";"111,87";"106,12";"106,47";"103,45";"100,66";"116,98";"81,13";"86,48";"99,14";"77,99";"34,45";"98,63"
"412000 PORECATU";"95,22";"106,12";"121,39";"95,08";"84,65";"165,36";"207,63";"82,04";"81,01";"88,83";"77,65";"78,21";"84,52";"55,03";"115,03";"86,63";"78,61";"90,48";"74,55";"81,82";"95,44"
"412010 PORTO AMAZONAS";"104,88";"107,14";"109,33";"124,29";"105,80";"103,12";"114,75";"106,56";"101,72";"127,59";"118,97";"132,76";"82,35";"91,67";"111,54";"135,29";"131,37";"119,23";"145,45";"147,73";"114,34"
"412015 PORTO BARREIRO";"89,77";"110,26";"154,55";"86,67";"118,00";"92,86";"114,89";"78,72";"89,58";"108,33";"72,92";"83,33";"89,74";"100,00";"89,36";"95,56";"102,22";"84,09";"75,61";"129,27";"98,62"
"412020 PORTO RICO";"95,56";"87,18";"100,00";"150,00";"120,69";"127,27";"84,44";"102,70";"103,45";"144,83";"79,31";"117,24";"140,74";"62,16";"170,83";"106,67";"153,33";"105,56";"108,57";"91,43";"108,96"
"412030 PORTO VITORIA";"91,30";"93,02";"116,95";"69,23";"103,23";"147,17";"85,25";"117,65";"92,06";"84,13";"85,71";"93,65";"137,04";"113,04";"77,42";"75,51";"106,12";"113,64";"100,00";"101,85";"98,89"
"412033 PRADO FERREIRA";"128,26";"91,11";"92,16";"133,33";"140,91";"127,50";"102,04";"82,14";"157,50";"115,00";"120,00";"157,50";"134,15";"110,20";"118,18";"161,36";"100,00";"101,72";"96,00";"114,00";"117,42"
"412035 PRANCHITA";"110,42";"91,03";"101,10";"88,00";"91,95";"91,30";"89,25";"91,55";"84,00";"108,00";"90,67";"65,33";"117,81";"128,57";"132,20";"129,69";"131,25";"112,31";"92,71";"77,08";"99,36"
"412040 PRESIDENTE CASTELO BRANCO";"190,00";"104,65";"123,94";"95,06";"93,59";"124,19";"132,61";"62,34";"131,67";"126,67";"120,00";"113,33";"100,00";"75,38";"98,57";"98,48";"115,15";"123,44";"126,09";"71,01";"108,89"
"412050 PRIMEIRO DE MAIO";"119,21";"123,70";"118,88";"109,59";"106,49";"102,72";"103,92";"75,49";"106,12";"88,78";"96,94";"111,22";"76,99";"99,05";"109,89";"68,10";"90,52";"67,86";"90,62";"103,12";"99,57"
"412060 PRUDENTOPOLIS";"87,16";"101,47";"88,45";"94,53";"92,85";"105,06";"107,71";"90,71";"104,45";"129,17";"99,86";"88,22";"94,65";"107,29";"117,32";"81,90";"87,27";"91,04";"86,02";"95,04";"97,09"
"412065 QUARTO CENTENARIO";"122,97";"193,94";"156,72";"164,29";"85,71";"122,00";"96,67";"92,19";"117,86";"92,86";"132,14";"69,64";"98,51";"133,33";"83,33";"93,65";"77,78";"131,91";"96,36";"107,27";"115,47"
"412070 QUATIGUA";"115,25";"142,11";"121,35";"132,39";"91,92";"87,96";"129,07";"91,43";"148,19";"130,12";"114,46";"125,30";"109,09";"84,21";"100,00";"95,74";"205,32";"100,00";"80,81";"129,29";"115,43"
"412080 QUATRO BARRAS";"102,37";"96,59";"112,22";"107,09";"100,35";"96,81";"107,32";"76,95";"111,00";"113,33";"124,00";"104,00";"109,65";"108,26";"82,02";"47,14";"93,19";"89,46";"97,31";"82,34";"97,03"
"412085 QUATRO PONTES";"170,59";"102,78";"86,49";"87,27";"94,23";"111,90";"140,00";"97,14";"120,00";"128,00";"140,00";"152,00";"91,43";"109,68";"113,33";"111,63";"100,00";"86,27";"150,00";"150,00";"114,03"
"412090 QUEDAS DO IGUACU";"105,08";"93,85";"105,03";"106,39";"104,49";"103,55";"104,66";"108,41";"112,07";"119,18";"116,59";"103,02";"121,71";"66,54";"87,67";"116,32";"101,61";"93,32";"95,06";"86,56";"102,41"
"412100 QUERENCIA DO NORTE";"127,92";"105,92";"107,39";"105,03";"105,26";"131,21";"118,18";"109,59";"98,84";"105,20";"108,67";"107,51";"125,96";"94,38";"80,73";"132,16";"92,40";"92,78";"90,64";"115,79";"107,79"
"412110 QUINTA DO SOL";"120,73";"98,77";"121,74";"101,27";"111,76";"129,69";"94,87";"101,45";"89,55";"105,97";"98,51";"108,96";"135,29";"81,25";"134,00";"116,13";"101,61";"108,93";"79,45";"60,27";"104,32"
"412120 QUITANDINHA";"119,82";"107,08";"117,24";"101,75";"125,82";"124,04";"141,67";"137,75";"109,57";"124,40";"107,18";"117,70";"90,87";"118,33";"124,64";"102,72";"109,78";"106,47";"90,46";"114,11";"114,07"
"412125 RAMILANDIA";"110,64";"93,33";"115,00";"83,58";"92,54";"122,73";"98,15";"76,67";"64,41";"94,92";"96,61";"54,24";"146,00";"108,11";"70,15";"104,17";"116,67";"76,56";"75,76";"90,91";"93,12"
"412130 RANCHO ALEGRE";"124,07";"103,51";"140,00";"123,91";"78,95";"126,19";"93,33";"94,59";"104,76";"121,43";"116,67";"95,24";"97,62";"102,50";"89,36";"86,05";"74,42";"65,12";"114,81";"181,48";"104,78"
"412135 RANCHO ALEGRE D\'OESTE";"111,90";"125,00";"89,58";"84,09";"128,12";"105,13";"83,33";"113,33";"77,78";"94,44";"122,22";"83,33";"128,57";"112,50";"96,43";"100,00";"97,14";"188,24";"47,62";"90,48";"100,56"
"412140 REALEZA";"91,05";"95,63";"94,54";"93,94";"94,56";"117,49";"98,02";"94,52";"98,58";"92,42";"108,53";"107,11";"104,29";"95,00";"107,11";"126,67";"120,00";"91,67";"100,95";"127,14";"102,33"
"412150 REBOUCAS";"108,97";"103,60";"98,71";"87,45";"95,30";"100,84";"102,30";"100,56";"93,43";"83,10";"78,40";"101,41";"94,71";"99,50";"147,29";"125,36";"106,22";"101,86";"90,17";"88,46";"100,05"
"412160 RENASCENCA";"172,73";"95,24";"121,33";"112,64";"84,48";"120,54";"91,67";"97,75";"116,47";"77,65";"84,71";"90,59";"123,26";"106,49";"124,42";"102,00";"99,00";"95,15";"118,39";"113,79";"106,82"
"412170 RESERVA";"83,61";"91,40";"98,31";"80,76";"102,61";"112,99";"110,57";"97,84";"100,66";"96,94";"96,94";"96,28";"106,97";"83,85";"95,14";"93,86";"89,93";"93,97";"95,20";"84,09";"95,47"
"412175 RESERVA DO IGUACU";"98,73";"144,60";"107,87";"100,00";"119,44";"113,97";"115,79";"101,63";"85,71";"94,96";"103,36";"101,68";"113,64";"93,75";"98,21";"114,62";"93,85";"90,57";"77,98";"91,74";"103,76"
"412180 RIBEIRAO CLARO";"108,67";"124,14";"101,20";"103,92";"106,92";"112,50";"103,88";"99,25";"103,48";"115,65";"117,39";"114,78";"94,70";"119,13";"111,43";"92,00";"110,00";"98,68";"71,91";"88,20";"103,77"
"412190 RIBEIRAO DO PINHAL";"128,69";"120,29";"118,82";"99,11";"102,58";"124,06";"114,21";"112,04";"98,31";"100,00";"110,73";"115,82";"102,76";"94,83";"128,65";"104,42";"79,01";"91,46";"92,57";"109,14";"107,67"
"412200 RIO AZUL";"116,07";"108,76";"100,83";"107,11";"92,96";"114,80";"106,60";"105,24";"86,54";"105,29";"100,00";"92,79";"106,91";"75,50";"99,47";"112,28";"123,98";"103,70";"79,23";"93,72";"101,30"
"412210 RIO BOM";"136,84";"87,27";"123,08";"111,90";"112,50";"94,59";"103,03";"133,33";"111,90";"119,05";"95,24";"102,38";"165,71";"79,41";"113,16";"125,00";"160,71";"128,57";"83,33";"92,86";"112,13"
"412215 RIO BONITO DO IGUACU";"105,69";"141,00";"115,34";"100,00";"106,00";"104,32";"102,42";"90,18";"108,91";"89,60";"95,54";"89,11";"95,96";"121,43";"118,05";"112,15";"104,86";"92,66";"89,80";"89,39";"104,32"
"412217 RIO BRANCO DO IVAI";"103,33";"130,51";"125,71";"86,57";"97,67";"120,27";"122,81";"92,19";"130,91";"120,00";"125,45";"120,00";"84,38";"178,57";"112,50";"130,23";"172,09";"113,43";"87,67";"68,49";"112,64"
"412220 RIO BRANCO DO SUL";"164,26";"116,02";"133,38";"135,86";"135,79";"146,92";"122,24";"114,79";"108,53";"105,12";"108,36";"88,23";"118,45";"155,39";"114,61";"66,18";"85,29";"75,58";"53,91";"77,76";"112,81"
"412230 RIO NEGRO";"110,93";"96,72";"88,17";"87,94";"73,77";"81,95";"91,59";"86,94";"106,15";"117,97";"97,40";"85,58";"113,66";"97,90";"94,48";"82,88";"113,51";"103,01";"89,16";"80,30";"94,65"
"412240 ROLANDIA";"92,51";"96,95";"90,61";"91,05";"91,53";"95,66";"94,52";"98,19";"94,83";"97,02";"104,14";"96,51";"106,56";"100,95";"113,02";"95,87";"102,12";"103,17";"92,35";"66,08";"96,08"
"412250 RONCADOR";"122,61";"101,40";"91,39";"116,89";"104,87";"91,47";"132,56";"91,93";"95,00";"108,57";"99,29";"85,71";"125,74";"80,92";"60,98";"87,32";"111,27";"82,10";"77,44";"81,71";"97,46"
"412260 RONDON";"111,86";"100,65";"96,69";"114,60";"94,27";"129,13";"92,62";"101,59";"93,13";"80,15";"107,63";"65,65";"128,12";"95,58";"90,84";"71,92";"78,77";"116,24";"72,59";"91,11";"95,87"
"412265 ROSARIO DO IVAI";"112,50";"130,56";"126,92";"93,81";"90,10";"120,99";"110,00";"91,43";"86,05";"98,84";"88,37";"96,51";"74,32";"50,60";"100,00";"104,35";"127,54";"138,33";"96,34";"82,93";"100,79"
"412270 SABAUDIA";"229,09";"138,89";"98,57";"126,92";"96,83";"123,61";"98,55";"130,43";"93,67";"89,87";"111,39";"107,59";"162,32";"116,88";"129,11";"102,15";"118,28";"84,35";"94,85";"89,69";"113,74"
"412280 SALGADO FILHO";"135,35";"108,79";"122,78";"106,25";"98,28";"93,75";"113,04";"75,00";"89,66";"87,93";"112,07";"62,07";"152,83";"141,30";"63,08";"119,64";"105,36";"81,67";"80,00";"93,85";"102,70"
"412290 SALTO DO ITARARE";"118,99";"100,00";"114,71";"101,49";"111,29";"112,96";"120,90";"90,48";"118,52";"98,15";"105,56";"112,96";"110,53";"128,57";"153,06";"76,79";"71,43";"92,16";"138,24";"144,12";"109,65"
"412300 SALTO DO LONTRA";"112,25";"100,00";"122,95";"102,11";"94,47";"113,73";"91,76";"92,94";"99,41";"101,76";"99,41";"101,76";"102,81";"111,11";"87,68";"82,83";"93,43";"121,56";"55,45";"81,52";"97,62"
"412310 SANTA AMELIA";"91,30";"117,11";"130,91";"98,21";"93,83";"89,33";"141,18";"71,64";"156,52";"115,22";"145,65";"89,13";"115,00";"115,00";"119,61";"78,95";"70,18";"134,09";"84,78";"76,09";"105,02"
"412320 SANTA CECILIA DO PAVAO";"100,00";"125,71";"125,58";"107,84";"100,00";"120,00";"115,38";"83,33";"112,73";"72,73";"96,36";"87,27";"180,49";"78,85";"91,84";"97,83";"110,87";"115,91";"63,49";"69,84";"100,20"
"412330 SANTA CRUZ DE MONTE CASTELO";"97,27";"102,15";"109,62";"112,62";"105,00";"101,03";"91,59";"113,33";"85,00";"94,00";"103,00";"89,00";"161,29";"118,56";"89,42";"110,48";"81,45";"103,74";"78,72";"86,52";"100,52"
"412340 SANTA FE";"89,31";"115,60";"80,67";"85,40";"104,00";"107,76";"111,71";"92,68";"93,94";"102,02";"118,18";"129,29";"98,50";"86,67";"112,50";"98,58";"95,74";"75,18";"114,66";"78,45";"98,66"
"412350 SANTA HELENA";"89,89";"86,82";"109,23";"84,51";"105,79";"92,24";"98,98";"85,03";"109,06";"106,38";"106,04";"112,75";"100,64";"100,62";"101,53";"98,24";"107,65";"128,96";"127,66";"100,27";"102,45"
"412360 SANTA INES";"147,37";"39,13";"180,95";"85,71";"84,62";"105,56";"91,30";"125,00";"100,00";"95,00";"60,00";"80,00";"225,00";"143,75";"100,00";"134,78";"113,04";"72,00";"105,00";"115,00";"108,64"
"412370 SANTA ISABEL DO IVAI";"113,60";"128,12";"103,51";"90,55";"118,18";"104,21";"108,25";"102,25";"107,37";"113,68";"112,63";"100,00";"116,36";"120,39";"88,14";"84,92";"92,86";"77,69";"117,35";"74,49";"102,92"
"412380 SANTA IZABEL DO OESTE";"101,48";"105,45";"102,31";"95,43";"126,57";"109,32";"118,12";"102,00";"105,56";"118,06";"101,39";"95,83";"136,36";"126,67";"127,54";"126,06";"103,03";"94,58";"90,62";"119,38";"109,63"
"412382 SANTA LUCIA";"185,71";"133,33";"101,69";"108,51";"119,30";"116,00";"113,33";"100,00";"125,53";"168,09";"140,43";"104,26";"131,48";"88,46";"93,02";"121,95";"112,20";"75,47";"106,67";"104,44";"117,38"
"412385 SANTA MARIA DO OESTE";"120,72";"104,37";"147,03";"142,86";"108,10";"127,87";"120,53";"126,12";"122,56";"118,05";"129,32";"106,02";"106,58";"77,78";"91,03";"69,93";"83,66";"87,68";"98,62";"91,03";"110,48"
"412390 SANTA MARIANA";"100,00";"122,70";"110,18";"111,18";"100,00";"111,61";"108,18";"103,97";"100,66";"87,42";"86,09";"73,51";"92,59";"116,22";"99,17";"71,53";"89,58";"87,88";"77,21";"93,38";"97,52"
"412395 SANTA MONICA";"92,98";"82,54";"130,77";"111,90";"79,37";"104,35";"104,08";"83,33";"120,00";"95,56";"95,56";"88,89";"154,55";"125,00";"83,64";"100,00";"120,00";"89,09";"82,14";"78,57";"99,30"
"412400 SANTANA DO ITARARE";"120,83";"123,81";"139,39";"120,97";"107,87";"114,47";"141,54";"150,00";"113,46";"109,62";"107,69";"130,77";"87,69";"87,88";"133,33";"94,12";"125,49";"100,00";"77,42";"104,84";"114,07"
"412402 SANTA TEREZA DO OESTE";"121,68";"84,13";"109,68";"113,21";"96,88";"105,67";"105,51";"102,48";"99,33";"137,58";"124,16";"108,05";"102,23";"99,39";"116,67";"113,04";"104,89";"106,77";"100,50";"118,00";"108,66"
"412405 SANTA TEREZINHA DE ITAIPU";"94,22";"84,27";"116,27";"114,08";"106,71";"110,53";"133,08";"104,50";"103,89";"102,12";"103,53";"110,95";"145,56";"146,62";"107,38";"84,19";"105,48";"111,59";"73,04";"87,43";"105,85"
"412410 SANTO ANTONIO DA PLATINA";"113,33";"113,20";"115,05";"112,22";"116,25";"103,77";"101,27";"108,76";"103,72";"117,36";"117,67";"108,06";"104,35";"92,71";"62,39";"82,11";"110,05";"89,30";"74,19";"63,72";"100,62"
"412420 SANTO ANTONIO DO CAIUA";"164,52";"97,87";"97,67";"84,38";"105,00";"125,93";"84,38";"102,70";"108,82";"88,24";"97,06";"67,65";"175,00";"191,67";"113,33";"107,89";"73,68";"80,65";"145,00";"180,00";"109,38"
"412430 SANTO ANTONIO DO PARAISO";"107,14";"127,78";"96,88";"112,12";"108,57";"109,38";"112,90";"144,00";"91,30";"130,43";"126,09";"134,78";"81,25";"88,00";"103,03";"90,48";"114,29";"119,05";"95,45";"68,18";"108,11"
"412440 SANTO ANTONIO DO SUDOESTE";"98,31";"88,25";"99,69";"91,84";"101,35";"101,40";"115,64";"85,46";"93,77";"103,66";"100,37";"99,27";"113,13";"74,79";"106,44";"84,73";"92,37";"106,64";"72,88";"85,62";"95,63"
"412450 SANTO INACIO";"113,64";"107,89";"116,00";"94,20";"153,49";"100,00";"128,30";"126,23";"112,90";"112,90";"145,16";"120,97";"185,71";"125,64";"52,43";"102,53";"112,66";"103,12";"63,89";"75,00";"108,09"
"412460 SAO CARLOS DO IVAI";"99,13";"109,09";"124,32";"126,47";"119,40";"119,40";"106,67";"114,29";"81,61";"87,36";"105,75";"79,31";"173,24";"97,67";"98,90";"98,96";"94,79";"82,42";"79,76";"135,71";"105,07"
"412470 SAO JERONIMO DA SERRA";"131,41";"94,52";"120,39";"100,57";"94,79";"98,95";"107,47";"103,73";"127,95";"93,17";"89,44";"103,11";"99,38";"76,97";"102,87";"75,50";"73,51";"86,15";"105,43";"94,57";"99,73"
"412480 SAO JOAO";"98,77";"109,09";"87,42";"97,30";"96,00";"111,21";"117,78";"100,88";"79,46";"124,11";"103,57";"97,32";"140,95";"115,45";"96,99";"102,19";"110,95";"94,37";"102,74";"112,33";"104,21"
"412490 SAO JOAO DO CAIUA";"143,53";"104,04";"97,03";"117,24";"95,00";"102,56";"108,64";"86,21";"87,95";"80,72";"90,36";"106,02";"96,47";"82,50";"110,14";"116,46";"111,39";"85,39";"103,61";"95,18";"100,82"
"412500 SAO JOAO DO IVAI";"110,78";"163,00";"189,89";"183,82";"181,11";"122,93";"129,01";"127,27";"150,00";"139,36";"144,68";"142,55";"123,40";"104,13";"95,04";"103,73";"97,76";"99,29";"88,97";"86,21";"130,76"
"412510 SAO JOAO DO TRIUNFO";"142,56";"96,98";"112,85";"89,77";"92,48";"108,84";"108,06";"86,60";"81,12";"77,25";"64,81";"72,53";"81,92";"79,17";"105,03";"81,93";"95,18";"85,88";"134,36";"110,43";"94,45"
"412520 SAO JORGE D\'OESTE";"105,26";"87,31";"113,22";"131,82";"101,60";"125,71";"98,02";"91,18";"106,25";"109,38";"111,46";"67,71";"146,28";"111,21";"139,81";"90,00";"86,43";"87,02";"131,25";"115,18";"107,32"
"412530 SAO JORGE DO IVAI";"116,95";"114,29";"106,78";"94,74";"91,43";"94,12";"100,00";"92,06";"117,31";"115,38";"107,69";"96,15";"103,85";"67,19";"114,89";"82,14";"100,00";"92,00";"118,37";"102,04";"100,62"
"412535 SAO JORGE DO PATROCINIO";"89,00";"104,40";"120,69";"76,60";"113,04";"98,36";"129,31";"58,33";"100,00";"80,82";"105,48";"95,89";"102,63";"67,47";"88,16";"90,80";"91,95";"103,90";"77,27";"86,36";"92,74"
"412540 SAO JOSE DA BOA VISTA";"114,56";"116,67";"121,43";"119,48";"124,69";"139,39";"131,75";"113,85";"135,00";"95,00";"110,00";"128,33";"103,17";"120,97";"165,57";"103,08";"109,23";"121,21";"106,67";"89,33";"118,06"
"412545 SAO JOSE DAS PALMEIRAS";"66,15";"80,60";"111,54";"79,66";"93,62";"245,00";"85,37";"77,08";"92,31";"109,62";"96,15";"90,38";"101,82";"118,87";"92,59";"75,41";"95,08";"86,54";"68,92";"70,27";"90,74"
"412550 SAO JOSE DOS PINHAIS";"98,92";"111,37";"106,25";"101,27";"100,03";"101,01";"106,14";"95,52";"93,61";"94,46";"95,92";"79,22";"125,68";"103,05";"57,60";"76,22";"83,67";"85,33";"91,78";"73,16";"93,27"
"412555 SAO MANOEL DO PARANA";"104,17";"115,00";"147,06";"83,87";"176,19";"68,57";"111,54";"123,81";"88,00";"76,00";"100,00";"88,00";"134,62";"54,84";"95,00";"165,00";"145,00";"72,00";"75,00";"104,17";"102,47"
"412560 SAO MATEUS DO SUL";"107,89";"105,65";"96,04";"89,08";"93,77";"103,38";"112,23";"97,25";"99,14";"101,03";"107,71";"108,90";"105,63";"102,20";"90,83";"84,80";"93,57";"95,13";"80,86";"78,09";"97,53"
"412570 SAO MIGUEL DO IGUACU";"121,03";"92,82";"96,88";"93,20";"86,43";"108,23";"76,53";"93,48";"101,68";"91,62";"98,04";"95,25";"158,68";"90,69";"100,52";"76,64";"95,33";"71,85";"92,23";"73,30";"94,95"
"412575 SAO PEDRO DO IGUACU";"118,09";"90,60";"107,61";"92,68";"112,50";"91,14";"74,68";"100,00";"80,49";"92,68";"90,24";"81,71";"92,50";"102,60";"94,87";"88,00";"112,00";"100,00";"126,32";"118,42";"98,24"
"412580 SAO PEDRO DO IVAI";"128,99";"117,69";"115,57";"95,76";"119,64";"102,31";"85,51";"106,11";"109,66";"113,79";"94,48";"93,79";"97,73";"84,78";"123,76";"120,90";"86,57";"94,78";"86,00";"79,00";"102,98"
"412590 SAO PEDRO DO PARANA";"94,87";"102,44";"115,79";"108,33";"92,11";"111,11";"88,00";"82,76";"116,67";"90,00";"120,00";"146,67";"110,00";"113,79";"105,56";"174,07";"96,30";"100,00";"75,00";"60,00";"103,88"
"412600 SAO SEBASTIAO DA AMOREIRA";"138,30";"120,30";"123,33";"80,31";"88,31";"112,40";"94,69";"75,00";"125,84";"117,98";"147,19";"121,35";"93,70";"89,17";"81,89";"72,32";"99,11";"111,50";"76,99";"86,73";"101,81"
"412610 SAO TOME";"113,46";"82,35";"104,48";"122,73";"81,94";"129,03";"103,57";"88,73";"90,54";"110,81";"109,46";"100,00";"149,37";"98,78";"57,73";"103,75";"97,50";"80,25";"90,91";"72,73";"98,22"
"412620 SAPOPEMA";"118,52";"88,37";"134,26";"126,96";"139,18";"123,86";"88,68";"141,89";"108,86";"121,52";"101,27";"124,05";"84,71";"159,72";"79,49";"89,89";"120,22";"119,05";"88,66";"97,94";"112,06"
"412625 SARANDI";"98,97";"97,52";"94,05";"103,34";"100,34";"92,33";"99,07";"95,47";"99,82";"101,26";"113,41";"114,13";"102,59";"85,25";"83,77";"81,88";"95,08";"89,93";"83,31";"78,04";"94,51"
"412627 SAUDADE DO IGUACU";"84,44";"92,86";"155,41";"103,57";"96,88";"159,70";"104,23";"74,71";"106,67";"124,00";"110,67";"109,33";"91,67";"63,33";"100,00";"216,42";"122,39";"95,15";"106,00";"77,00";"106,78"
"412630 SENGES";"150,56";"121,94";"86,89";"88,17";"105,19";"102,94";"121,92";"102,93";"109,96";"115,50";"96,68";"91,51";"110,37";"88,65";"111,61";"86,11";"79,51";"89,96";"122,22";"102,67";"103,63"
"412635 SERRANOPOLIS DO IGUACU";"135,00";"84,00";"117,02";"122,22";"86,11";"89,80";"88,89";"101,92";"110,64";"74,47";"119,15";"123,40";"167,86";"91,38";"90,32";"77,59";"77,59";"78,08";"89,13";"82,61";"99,21"
"412640 SERTANEJA";"99,01";"101,12";"97,33";"97,62";"110,71";"109,59";"124,24";"95,38";"105,17";"94,83";"110,34";"118,97";"84,42";"136,23";"63,75";"51,95";"77,92";"87,50";"72,41";"65,52";"94,65"
"412650 SERTANOPOLIS";"119,53";"97,17";"108,46";"90,64";"104,39";"88,58";"95,54";"108,89";"107,95";"97,73";"116,48";"112,50";"106,70";"77,37";"91,90";"68,56";"90,72";"100,00";"92,97";"63,24";"96,87"
"412660 SIQUEIRA CAMPOS";"104,84";"119,63";"92,37";"100,84";"96,97";"115,62";"104,22";"117,92";"104,03";"103,23";"112,50";"108,06";"89,47";"93,77";"84,23";"107,76";"114,29";"90,24";"104,85";"98,13";"102,63"
"412665 SULINA";"107,14";"87,50";"110,17";"96,08";"105,26";"108,70";"138,46";"107,50";"95,56";"102,22";"100,00";"93,33";"89,74";"138,46";"92,50";"126,19";"64,29";"120,00";"102,63";"92,11";"102,94"
"412667 TAMARANA";"80,57";"97,00";"74,58";"113,79";"123,91";"107,43";"92,31";"76,47";"86,06";"103,64";"105,45";"96,97";"113,12";"49,39";"124,85";"117,96";"113,17";"92,78";"86,57";"97,51";"97,08"
"412670 TAMBOARA";"145,45";"111,36";"106,06";"94,12";"112,96";"105,88";"123,91";"81,25";"96,77";"98,39";"108,06";"83,87";"88,24";"95,38";"108,33";"140,74";"127,78";"100,00";"97,14";"88,57";"103,97"
"412680 TAPEJARA";"94,88";"103,94";"116,67";"96,00";"86,34";"111,98";"94,76";"95,26";"108,29";"103,90";"108,29";"105,37";"110,04";"100,00";"110,67";"92,77";"73,62";"107,22";"109,22";"87,86";"100,48"
"412690 TAPIRA";"83,87";"68,24";"137,68";"118,52";"90,91";"115,38";"106,25";"106,25";"64,63";"78,05";"62,20";"65,85";"140,74";"88,57";"93,85";"69,41";"64,71";"131,58";"116,67";"131,67";"93,50"
"412700 TEIXEIRA SOARES";"116,88";"112,42";"98,25";"99,44";"87,36";"109,66";"106,35";"89,78";"103,05";"96,18";"103,82";"106,11";"90,44";"97,87";"137,60";"69,44";"79,86";"116,53";"104,00";"97,60";"100,71"
"412710 TELEMACO BORBA";"82,28";"98,05";"105,21";"105,74";"91,41";"88,92";"96,67";"93,85";"91,46";"93,95";"90,46";"84,74";"137,83";"91,23";"97,05";"98,01";"107,71";"90,79";"85,76";"91,15";"95,79"
"412720 TERRA BOA";"105,98";"110,00";"108,84";"108,59";"100,53";"108,00";"98,44";"110,98";"83,18";"86,92";"94,39";"89,25";"104,52";"112,06";"90,87";"101,82";"109,55";"101,67";"98,27";"105,63";"101,24"
"412730 TERRA RICA";"89,92";"92,52";"95,15";"94,86";"95,54";"82,93";"107,41";"82,40";"97,14";"91,84";"99,18";"89,80";"120,28";"89,53";"107,49";"75,27";"69,18";"86,11";"93,97";"89,45";"91,87"
"412740 TERRA ROXA";"98,26";"108,51";"109,69";"113,68";"99,07";"110,14";"106,35";"91,71";"103,72";"93,95";"94,88";"79,53";"89,66";"112,94";"178,47";"118,61";"105,63";"119,46";"103,17";"59,13";"104,43"
"412750 TIBAGI";"104,62";"110,39";"101,83";"89,89";"98,04";"112,68";"109,84";"105,26";"91,36";"95,68";"90,43";"79,94";"120,83";"82,03";"114,98";"91,25";"108,08";"99,33";"92,41";"91,75";"99,45"
"412760 TIJUCAS DO SUL";"142,86";"130,58";"130,85";"104,88";"93,62";"97,24";"116,82";"99,55";"130,77";"113,46";"107,21";"100,00";"102,88";"143,02";"112,00";"77,51";"91,57";"114,95";"100,00";"85,31";"108,57"
"412770 TOLEDO";"109,29";"107,32";"101,25";"106,35";"99,87";"106,30";"103,53";"95,19";"96,20";"103,17";"106,84";"108,87";"102,39";"85,42";"103,53";"94,24";"108,97";"135,80";"143,34";"107,77";"107,08"
"412780 TOMAZINA";"111,48";"119,27";"128,87";"107,41";"99,09";"108,08";"105,10";"117,98";"111,70";"96,81";"81,91";"78,72";"106,98";"136,25";"68,37";"46,22";"54,62";"34,62";"80,23";"88,37";"93,78"
"412785 TRES BARRAS DO PARANA";"110,14";"97,31";"90,05";"82,94";"92,08";"115,06";"107,27";"100,00";"93,92";"95,58";"86,19";"89,50";"131,35";"102,29";"114,04";"102,35";"94,12";"114,29";"98,17";"107,93";"100,85"
"412788 TUNAS DO PARANA";"130,85";"105,66";"130,10";"69,61";"100,98";"125,16";"143,31";"132,88";"147,44";"155,13";"164,10";"129,49";"48,00";"17,83";"113,40";"68,00";"82,00";"75,00";"86,92";"15,38";"101,73"
"412790 TUNEIRAS DO OESTE";"113,39";"113,01";"115,32";"103,91";"104,46";"85,25";"113,54";"101,16";"85,04";"84,25";"117,32";"76,38";"121,85";"92,86";"107,69";"90,68";"88,98";"129,59";"77,59";"35,34";"97,36"
"412795 TUPASSI";"116,19";"89,72";"84,82";"110,57";"131,37";"125,71";"112,75";"108,70";"159,38";"151,56";"146,88";"135,94";"92,22";"111,11";"90,80";"134,57";"101,23";"97,53";"108,79";"100,00";"113,10"
"412796 TURVO";"115,95";"113,31";"110,68";"118,15";"91,04";"108,20";"98,66";"92,74";"81,78";"97,46";"97,03";"102,12";"76,54";"110,61";"108,33";"110,24";"113,66";"98,24";"90,27";"92,04";"101,73"
"412800 UBIRATA";"95,26";"106,01";"92,60";"101,28";"104,23";"98,99";"103,73";"93,21";"100,36";"91,67";"96,01";"102,54";"141,52";"77,74";"109,24";"101,83";"100,73";"110,18";"76,51";"105,71";"100,07"
"412810 UMUARAMA";"97,33";"97,18";"105,05";"105,55";"105,44";"128,72";"105,66";"81,74";"110,47";"100,32";"103,49";"109,33";"86,87";"39,61";"79,29";"80,70";"84,06";"90,82";"87,68";"94,38";"93,61"
"412820 UNIAO DA VITORIA";"108,74";"103,47";"99,68";"112,75";"95,88";"112,84";"96,19";"93,16";"102,10";"85,18";"85,41";"77,95";"108,18";"152,85";"101,04";"64,19";"76,74";"100,40";"90,97";"93,94";"97,93"
"412830 UNIFLOR";"205,88";"150,00";"139,13";"130,77";"139,13";"138,10";"75,76";"131,58";"187,50";"112,50";"150,00";"145,83";"64,71";"119,44";"177,27";"142,86";"96,43";"141,67";"96,30";"100,00";"127,76"
"412840 URAI";"127,78";"89,08";"139,16";"117,75";"150,72";"95,51";"117,24";"115,15";"127,05";"138,52";"122,13";"122,95";"73,72";"83,12";"100,88";"92,50";"89,17";"77,59";"97,96";"72,45";"108,09"
"412850 WENCESLAU BRAZ";"121,16";"103,94";"122,55";"104,87";"112,07";"115,00";"111,51";"98,31";"111,46";"101,74";"97,22";"78,82";"109,16";"121,86";"87,68";"87,23";"87,94";"106,05";"68,60";"98,45";"102,38"
"412853 VENTANIA";"90,45";"86,46";"102,37";"101,10";"110,55";"119,19";"113,21";"96,69";"114,71";"106,62";"114,71";"111,03";"111,68";"97,67";"103,88";"66,67";"116,30";"99,25";"86,08";"74,05";"100,96"
"412855 VERA CRUZ DO OESTE";"105,71";"118,33";"117,31";"94,96";"103,64";"130,70";"99,05";"91,07";"120,20";"125,25";"109,09";"108,08";"130,85";"124,71";"94,55";"97,35";"97,35";"107,48";"91,67";"91,67";"107,41"
"412860 VERE";"150,00";"116,50";"113,13";"104,55";"104,76";"97,00";"112,63";"91,40";"118,07";"91,57";"106,02";"113,25";"106,74";"105,38";"95,92";"85,71";"94,12";"102,94";"82,46";"96,49";"103,87"
"412862 ALTO PARAISO";"104,08";"101,79";"114,00";"94,44";"90,32";"147,06";"95,83";"120,45";"113,04";"78,26";"73,91";"106,52";"105,41";"94,74";"91,30";"98,18";"83,64";"90,00";"122,22";"113,33";"100,84"
"412863 DOUTOR ULYSSES";"175,53";"140,65";"157,41";"156,04";"169,47";"154,44";"128,42";"148,57";"190,62";"156,25";"176,56";"139,06";"138,46";"109,84";"120,63";"70,77";"112,31";"106,06";"140,00";"85,71";"140,92"
"412865 VIRMOND";"118,42";"115,94";"103,57";"93,65";"89,29";"106,25";"105,45";"84,48";"80,00";"107,69";"90,77";"56,92";"119,15";"197,92";"120,00";"126,42";"115,09";"108,33";"112,50";"108,93";"106,27"
"412870 VITORINO";"138,96";"110,17";"85,54";"112,70";"86,59";"118,57";"128,57";"81,71";"98,53";"130,88";"126,47";"94,12";"116,47";"50,00";"115,73";"104,81";"137,50";"85,94";"89,31";"95,42";"103,59"
"412880 XAMBRE";"135,21";"124,44";"98,85";"104,26";"98,67";"114,93";"97,37";"95,59";"110,14";"85,51";"108,70";"71,01";"98,59";"92,19";"111,11";"91,78";"106,85";"107,69";"89,04";"106,85";"102,67"
"Total";"105,76";"102,67";"103,38";"99,66";"99,65";"103,49";"102,69";"96,32";"100,36";"99,60";"102,50";"96,78";"104,65";"98,76";"97,39";"87,54";"90,41";"90,88";"89,69";"85,86";"97,88"
